{"stats":{"minecraft:custom":{"minecraft:time_since_rest":6303,"minecraft:damage_dealt":207,"minecraft:crouch_one_cm":384,"minecraft:leave_game":4,"minecraft:play_time":6303,"minecraft:sprint_one_cm":1788,"minecraft:time_since_death":6303,"minecraft:walk_one_cm":2866,"minecraft:sneak_time":180,"minecraft:total_world_time":6303,"minecraft:mob_kills":1,"minecraft:damage_dealt_absorbed":55,"minecraft:fall_one_cm":421,"minecraft:fly_one_cm":16545,"minecraft:jump":18},"minecraft:picked_up":{"minecraft:bone":2,"minecraft:rotten_flesh":2,"sophisticatedbackpacks:backpack":1},"minecraft:used":{"spartanweaponry:constantan_longsword":7},"minecraft:killed":{"minecraft:zombie":1}},"DataVersion":2975}