{"stats":{"minecraft:crafted":{"minecraft:oak_planks":268,"minecraft:stone_shovel":6,"minecraft:furnace":2,"minecraft:cooked_mutton":1,"minecraft:glass":6,"minecraft:stone_pickaxe":1,"minecraft:chest":6,"alexsmobs:cooked_catfish":2,"minecraft:cooked_beef":13,"minecraft:glass_bottle":6,"minecraft:crafting_table":5,"minecraft:cooked_salmon":12,"minecraft:bucket":1,"minecraft:potion":15,"minecraft:iron_chestplate":1,"minecraft:shield":1,"minecraft:stick":24,"minecraft:iron_ingot":7,"minecraft:snow_block":4,"minecraft:iron_shovel":2,"minecraft:white_bed":2,"minecraft:torch":18},"minecraft:picked_up":{"minecraft:crafting_table":3,"minecraft:wheat":2,"cgm:basic_bullet":407,"minecraft:chicken":2,"minecraft:potion":9,"minecraft:shield":1,"minecraft:raw_copper":56,"camera:image_frame":6,"minecraft:beef":47,"minecraft:poppy":1,"minecraft:iron_pickaxe":1,"minecraft:light_gray_wool":6,"minecraft:chest":1,"minecraft:furnace":2,"minecraft:egg":9,"minecraft:stick":4,"minecraft:raw_iron":9,"minecraft:oak_fence":128,"minecraft:torch":9,"minecraft:pointed_dripstone":1,"minecraft:rotten_flesh":99,"minecraft:golden_hoe":2,"cgm:assault_rifle":1,"minecraft:saddle":2,"sophisticatedbackpacks:copper_backpack":2,"minecraft:mutton":12,"minecraft:snowball":407,"minecraft:white_wool":8,"minecraft:cobblestone":69,"minecraft:cooked_beef":1,"minecraft:feather":4,"minecraft:andesite":2,"minecraft:salmon":12,"minecraft:leather":17,"alexsmobs:bison_fur":68,"minecraft:oak_log":67,"minecraft:gunpowder":32,"minecraft:lapis_lazuli":42,"minecraft:dirt":1027,"minecraft:cooked_mutton":5,"minecraft:glass":72,"minecraft:wheat_seeds":78,"minecraft:iron_ingot":11,"minecraft:glass_bottle":10,"minecraft:iron_sword":1,"minecraft:oak_planks":12,"minecraft:dandelion":13,"minecraft:sand":7,"minecraft:ink_sac":6,"minecraft:white_bed":2,"minecraft:spider_eye":2,"alexsmobs:raw_catfish":2,"cgm:pistol":3,"minecraft:light_gray_concrete":10,"minecraft:diamond":2,"minecraft:granite":4,"minecraft:emerald":6,"minecraft:oak_sapling":1,"cgm:workbench":2,"minecraft:coal":27},"minecraft:broken":{"minecraft:golden_boots":1,"minecraft:shield":1,"minecraft:iron_sword":1,"minecraft:stone_shovel":6},"minecraft:used":{"camera:image_frame":3,"minecraft:stone_sword":12,"minecraft:iron_shovel":304,"minecraft:stone_shovel":788,"minecraft:poppy":1,"minecraft:chest":7,"minecraft:shield":78,"minecraft:iron_sword":111,"minecraft:cooked_salmon":12,"minecraft:cooked_chicken":1,"minecraft:iron_chestplate":1,"minecraft:torch":20,"minecraft:dirt":405,"minecraft:mutton":2,"minecraft:carrot":2,"minecraft:snowball":52,"minecraft:granite":2,"minecraft:beef":11,"minecraft:furnace":2,"minecraft:cooked_beef":7,"minecraft:cooked_mutton":6,"alexsmobs:cooked_catfish":2,"minecraft:water_bucket":22,"minecraft:snow_block":4,"minecraft:stone_pickaxe":36,"cgm:pistol":187,"minecraft:glass_bottle":28,"minecraft:oak_planks":81,"spartanweaponry:iron_boomerang":10,"minecraft:sand":3,"minecraft:crafting_table":6,"minecraft:white_bed":4,"minecraft:light_gray_concrete":5,"minecraft:chicken":2,"minecraft:iron_pickaxe":41,"minecraft:stone_axe":111,"minecraft:cobblestone":32,"minecraft:potion":49,"minecraft:bucket":23},"minecraft:custom":{"minecraft:mob_kills":96,"minecraft:interact_with_crafting_table":26,"minecraft:leave_game":19,"minecraft:time_since_death":0,"minecraft:sprint_one_cm":800069,"minecraft:walk_one_cm":851104,"minecraft:damage_blocked_by_shield":2453,"minecraft:drop":55,"minecraft:damage_dealt_absorbed":40,"minecraft:play_time":261222,"minecraft:deaths":48,"minecraft:sneak_time":5774,"minecraft:walk_under_water_one_cm":161399,"minecraft:jump":7194,"minecraft:interact_with_brewingstand":3,"minecraft:interact_with_blast_furnace":8,"minecraft:walk_on_water_one_cm":89578,"minecraft:total_world_time":261222,"minecraft:interact_with_furnace":42,"spartanshields:shield_bash_hits":5,"minecraft:sleep_in_bed":10,"minecraft:time_since_rest":22,"minecraft:damage_taken":15438,"minecraft:damage_dealt":4161,"minecraft:swim_one_cm":190120,"minecraft:fly_one_cm":1554398,"minecraft:player_kills":2,"minecraft:open_chest":97,"minecraft:crouch_one_cm":17778,"minecraft:interact_with_smoker":2,"minecraft:fall_one_cm":197220,"minecraft:horse_one_cm":37594},"minecraft:dropped":{"minecraft:wheat_seeds":3,"minecraft:cooked_beef":4,"minecraft:glass_bottle":6,"minecraft:feather":4,"minecraft:cobblestone":3,"minecraft:stick":3,"minecraft:dirt":18,"minecraft:ink_sac":6,"minecraft:mutton":1,"minecraft:snowball":40,"minecraft:potion":13,"minecraft:white_wool":3,"minecraft:dandelion":10,"minecraft:pointed_dripstone":1,"minecraft:rotten_flesh":59,"minecraft:light_gray_wool":4,"minecraft:light_gray_concrete":5,"cgm:assault_rifle":1,"minecraft:glass_pane":14,"minecraft:gunpowder":11,"minecraft:andesite":2,"minecraft:oak_sapling":1,"minecraft:spider_eye":2,"minecraft:egg":9},"minecraft:killed_by":{"minecraft:player":8,"minecraft:creeper":19,"minecraft:zombie":7},"minecraft:killed":{"alexsmobs:raccoon":1,"minecraft:spider":3,"minecraft:chicken":2,"minecraft:pig":1,"minecraft:salmon":12,"minecraft:creeper":18,"minecraft:sheep":7,"alexsmobs:catfish":1,"minecraft:zombie":28,"alexsmobs:crocodile":2,"minecraft:cow":10},"minecraft:mined":{"minecraft:white_bed":1,"minecraft:granite":2,"minecraft:grass_block":835,"minecraft:oxeye_daisy":2,"minecraft:tall_seagrass":2,"minecraft:iron_ore":9,"minecraft:snow":266,"minecraft:andesite":1,"minecraft:azure_bluet":1,"minecraft:pointed_dripstone":1,"minecraft:dirt_path":3,"minecraft:stripped_oak_log":2,"minecraft:stone":36,"minecraft:dandelion":9,"minecraft:crafting_table":2,"minecraft:cornflower":3,"minecraft:torch":3,"minecraft:poppy":1,"minecraft:tall_grass":11,"minecraft:cobblestone":1,"minecraft:oak_planks":11,"minecraft:birch_leaves":3,"minecraft:grass":455,"minecraft:oak_log":68,"minecraft:coal_ore":24,"minecraft:dirt":47,"minecraft:polished_andesite":1,"minecraft:oak_leaves":19}},"DataVersion":2975}