{"stats":{"minecraft:mined":{"minecraft:white_bed":5,"minecraft:cobblestone_stairs":1,"minecraft:granite":3,"minecraft:glow_lichen":1,"minecraft:grass_block":21,"minecraft:spawner":3,"cgm:workbench":1,"minecraft:tall_seagrass":2,"minecraft:mossy_cobblestone_slab":1,"minecraft:furnace":2,"minecraft:mossy_cobblestone_stairs":1,"minecraft:iron_ore":8,"minecraft:fire":5,"minecraft:andesite":28,"minecraft:lantern":1,"minecraft:stone":76,"minecraft:oak_slab":3,"minecraft:soul_sand":2,"minecraft:smoker":1,"minecraft:torch":18,"minecraft:crafting_table":6,"minecraft:campfire":1,"minecraft:copper_ore":15,"minecraft:tall_grass":65,"minecraft:cobblestone":94,"minecraft:blue_bed":3,"minecraft:oak_planks":11,"minecraft:wall_torch":1,"minecraft:seagrass":1,"minecraft:sweet_berry_bush":13,"minecraft:spruce_log":1,"minecraft:yellow_bed":2,"minecraft:grass":205,"minecraft:coal_ore":18,"minecraft:oak_log":34,"minecraft:sand":3,"minecraft:dirt":138,"minecraft:oak_leaves":8},"minecraft:crafted":{"minecraft:oak_planks":120,"minecraft:leather_boots":1,"minecraft:cooked_chicken":2,"minecraft:furnace":1,"minecraft:cobblestone_stairs":4,"minecraft:cooked_mutton":4,"minecraft:glass":3,"minecraft:iron_boots":1,"minecraft:leather":43,"spartanshields:copper_tower_shield":1,"minecraft:stone_pickaxe":5,"minecraft:chest":2,"cold_sweat:waterskin":2,"minecraft:water_bucket":1,"minecraft:wheat":189,"minecraft:cooked_beef":26,"minecraft:glass_bottle":9,"minecraft:cooked_porkchop":11,"minecraft:crafting_table":4,"minecraft:wooden_pickaxe":2,"minecraft:iron_sword":1,"minecraft:leather_helmet":1,"minecraft:campfire":1,"spartanweaponry:iron_boomerang":1,"minecraft:stone_axe":2,"minecraft:bread":63,"minecraft:air":0,"spartanweaponry:copper_boomerang":1,"minecraft:paper":21,"minecraft:potion":87,"minecraft:charcoal":1,"minecraft:shield":1,"minecraft:stick":32,"minecraft:iron_ingot":2,"minecraft:leather_chestplate":1,"minecraft:stone_sword":2,"sereneseasons:calendar":1,"spartanshields:wooden_basic_shield":1,"minecraft:white_bed":2,"camera:image_frame":4,"minecraft:torch":32},"minecraft:killed":{"alexsmobs:raccoon":1,"minecraft:spider":8,"minecraft:horse":1,"minecraft:skeleton":1,"minecraft:chicken":1,"alexsmobs:bison":7,"minecraft:drowned":3,"minecraft:pig":6,"minecraft:zombie_villager":2,"minecraft:creeper":32,"minecraft:sheep":3,"minecraft:zombie":228,"alexsmobs:fly":1,"alexsmobs:crow":1,"minecraft:cow":2},"minecraft:killed_by":{"minecraft:player":10,"minecraft:creeper":15,"minecraft:spider":2,"minecraft:enderman":1,"minecraft:drowned":1,"minecraft:skeleton":1,"minecraft:zombie":36,"minecraft:pig":1},"minecraft:custom":{"minecraft:mob_kills":349,"minecraft:interact_with_crafting_table":63,"minecraft:interact_with_campfire":7,"minecraft:leave_game":7,"minecraft:time_since_death":13296,"minecraft:sprint_one_cm":841974,"minecraft:walk_one_cm":932376,"minecraft:damage_blocked_by_shield":4015,"minecraft:drop":266,"minecraft:damage_dealt_absorbed":548,"minecraft:play_time":373372,"minecraft:deaths":80,"minecraft:sneak_time":2883,"minecraft:walk_under_water_one_cm":301161,"minecraft:jump":6994,"minecraft:walk_on_water_one_cm":138140,"minecraft:total_world_time":373372,"minecraft:interact_with_furnace":216,"spartanshields:shield_bash_hits":5,"minecraft:sleep_in_bed":12,"minecraft:time_since_rest":4878,"minecraft:damage_taken":29954,"minecraft:damage_dealt":26278,"minecraft:player_kills":13,"minecraft:swim_one_cm":89620,"minecraft:fly_one_cm":1384812,"minecraft:open_chest":164,"minecraft:crouch_one_cm":5251,"minecraft:interact_with_smoker":11,"minecraft:fall_one_cm":311222,"minecraft:horse_one_cm":713074},"minecraft:broken":{"minecraft:iron_leggings":2,"minecraft:golden_leggings":1,"minecraft:stone_pickaxe":2,"minecraft:iron_sword":2,"minecraft:iron_pickaxe":1},"minecraft:used":{"camera:image_frame":6,"minecraft:stone_sword":51,"spartanweaponry:cestus":2,"minecraft:iron_shovel":78,"minecraft:chest":2,"minecraft:shield":63,"minecraft:iron_sword":324,"minecraft:cooked_chicken":2,"minecraft:rotten_flesh":2,"spartanweaponry:copper_boomerang":10,"minecraft:torch":70,"minecraft:soul_sand":3,"minecraft:dirt":205,"cgm:workbench":2,"another_furniture:oak_bench":1,"minecraft:snowball":13,"minecraft:granite":1,"minecraft:birch_sapling":1,"minecraft:lantern":1,"minecraft:iron_helmet":1,"minecraft:mossy_cobblestone_slab":1,"minecraft:sweet_berries":16,"minecraft:oak_sapling":2,"minecraft:furnace":11,"spartanweaponry:iron_battle_hammer":28,"minecraft:cooked_beef":14,"minecraft:pointed_dripstone":2,"minecraft:water_bucket":13,"spartanshields:wooden_basic_shield":62,"minecraft:cobblestone_stairs":4,"minecraft:oak_planks":11,"minecraft:stone_pickaxe":256,"cgm:pistol":606,"minecraft:glass_bottle":52,"minecraft:wooden_pickaxe":21,"minecraft:blue_bed":2,"spartanweaponry:iron_boomerang":5,"minecraft:mossy_cobblestone":1,"minecraft:sand":1,"minecraft:crafting_table":13,"minecraft:white_bed":7,"minecraft:campfire":1,"minecraft:smoker":2,"minecraft:apple":1,"minecraft:chicken":1,"minecraft:iron_pickaxe":37,"minecraft:bread":38,"minecraft:light_gray_candle":3,"spartanshields:copper_tower_shield":117,"minecraft:golden_leggings":1,"minecraft:stone_axe":42,"minecraft:wooden_sword":8,"minecraft:diamond_sword":140,"minecraft:cobblestone":536,"minecraft:potion":68,"minecraft:cooked_porkchop":7,"minecraft:bucket":13,"minecraft:andesite":6,"minecraft:yellow_bed":2,"alexsmobs:animal_dictionary":1},"minecraft:picked_up":{"minecraft:charcoal":2,"minecraft:crafting_table":10,"cgm:basic_bullet":64,"minecraft:chicken":4,"minecraft:wooden_pickaxe":3,"minecraft:potion":4,"camera:camera":2,"minecraft:string":12,"minecraft:raw_copper":59,"minecraft:wooden_sword":1,"camera:image_frame":3,"minecraft:iron_leggings":3,"minecraft:beef":29,"minecraft:iron_boots":1,"minecraft:birch_sapling":1,"minecraft:furnace":5,"minecraft:egg":2,"minecraft:raw_iron":8,"minecraft:stick":5,"minecraft:copper_ingot":51,"minecraft:torch":30,"sophisticatedbackpacks:backpack":2,"minecraft:porkchop":15,"minecraft:pointed_dripstone":2,"minecraft:diorite":1,"minecraft:golden_chestplate":1,"minecraft:stone_sword":2,"minecraft:arrow":6,"minecraft:rotten_flesh":404,"spartanshields:copper_tower_shield":1,"minecraft:cyan_terracotta":4,"minecraft:saddle":2,"minecraft:mutton":4,"minecraft:snowball":76,"minecraft:white_wool":2,"minecraft:cobblestone":272,"minecraft:oxeye_daisy":2,"minecraft:mossy_cobblestone_slab":2,"minecraft:feather":5,"minecraft:water_bucket":1,"minecraft:andesite":14,"minecraft:leather":170,"minecraft:golden_leggings":1,"another_furniture:oak_bench":1,"minecraft:smoker":1,"alexsmobs:bison_fur":5,"minecraft:oak_log":34,"minecraft:yellow_bed":2,"minecraft:gunpowder":58,"minecraft:cobblestone_stairs":1,"minecraft:blue_bed":2,"minecraft:dirt":291,"minecraft:paper":1,"minecraft:lantern":1,"minecraft:bone":14,"minecraft:apple":6,"minecraft:wheat_seeds":30,"minecraft:iron_ingot":14,"minecraft:stone_pickaxe":5,"minecraft:glass_bottle":7,"camera:image":3,"minecraft:iron_sword":7,"minecraft:oak_planks":98,"minecraft:soul_sand":1,"minecraft:oak_slab":3,"minecraft:sweet_berries":16,"minecraft:dandelion":7,"minecraft:gravel":2,"minecraft:sand":24,"cold_sweat:waterskin":1,"sophisticatedbackpacks:iron_backpack":1,"minecraft:white_bed":6,"minecraft:spider_eye":4,"alexsmobs:animal_dictionary":2,"minecraft:mossy_cobblestone":9,"spartanweaponry:iron_battle_hammer":1,"cgm:pistol":1,"minecraft:polished_andesite":4,"minecraft:light_gray_candle":3,"minecraft:stone_axe":1,"minecraft:iron_helmet":4,"minecraft:granite":2,"minecraft:mossy_cobblestone_stairs":1,"alexsmobs:maggot":4,"minecraft:oak_sapling":17,"minecraft:coal":22,"cgm:workbench":2,"cold_sweat:filled_waterskin":1},"minecraft:dropped":{"sophisticatedbackpacks:iron_backpack":1,"minecraft:bread":20,"minecraft:iron_sword":5,"minecraft:wheat_seeds":18,"minecraft:cooked_beef":12,"spartanweaponry:iron_boomerang":1,"minecraft:glass_bottle":5,"minecraft:mossy_cobblestone":6,"minecraft:cooked_porkchop":6,"minecraft:cobblestone":25,"minecraft:iron_helmet":3,"minecraft:feather":5,"minecraft:lantern":1,"minecraft:leather":72,"minecraft:granite":1,"minecraft:coal":2,"minecraft:cobblestone_stairs":1,"minecraft:music_disc_13":1,"minecraft:stick":4,"minecraft:polished_andesite":1,"minecraft:oxeye_daisy":2,"minecraft:cyan_terracotta":4,"minecraft:dirt":46,"minecraft:mossy_cobblestone_slab":1,"minecraft:diorite":1,"minecraft:torch":2,"minecraft:wooden_axe":1,"minecraft:potion":10,"minecraft:iron_leggings":1,"minecraft:wooden_sword":1,"minecraft:gold_nugget":8,"minecraft:sand":20,"minecraft:mossy_cobblestone_stairs":1,"minecraft:iron_shovel":1,"minecraft:string":8,"minecraft:bone":6,"minecraft:sugar_cane":2,"minecraft:sweet_berries":1,"minecraft:compass":1,"alexsmobs:maggot":6,"cold_sweat:waterskin":2,"minecraft:golden_chestplate":1,"minecraft:stone_sword":4,"alexsmobs:animal_dictionary":1,"minecraft:raw_copper":4,"camera:image":7,"minecraft:chicken":1,"minecraft:rotten_flesh":282,"minecraft:iron_boots":1,"minecraft:cooked_mutton":3,"minecraft:white_bed":1,"minecraft:diamond_sword":1,"minecraft:poppy":1,"minecraft:andesite":8,"minecraft:oak_sapling":14,"camera:camera":1,"minecraft:spider_eye":3,"minecraft:stone_pickaxe":7,"minecraft:wooden_pickaxe":4,"spartanweaponry:copper_boomerang":1,"minecraft:black_wool":1,"minecraft:egg":3}},"DataVersion":2975}