{"stats":{"minecraft:mined":{"spartanweaponry:enderman_wall_head":1,"minecraft:grass":1,"minecraft:grass_block":3,"minecraft:gravel":2,"minecraft:dirt":9,"minecraft:green_candle":1,"minecraft:oxeye_daisy":1},"minecraft:killed_by":{"minecraft:player":4,"minecraft:creeper":1,"minecraft:zombie":1},"minecraft:custom":{"minecraft:time_since_rest":4792,"minecraft:interact_with_furnace":2,"minecraft:sprint_one_cm":50383,"minecraft:damage_taken":3032,"minecraft:walk_one_cm":101303,"minecraft:mob_kills":1,"minecraft:drop":6,"minecraft:damage_dealt":132,"minecraft:swim_one_cm":20360,"minecraft:interact_with_crafting_table":1,"minecraft:fly_one_cm":73413,"minecraft:player_kills":1,"minecraft:open_chest":11,"minecraft:play_time":56981,"minecraft:deaths":7,"minecraft:sneak_time":145,"minecraft:walk_under_water_one_cm":150655,"minecraft:jump":519,"minecraft:leave_game":5,"minecraft:walk_on_water_one_cm":49633,"minecraft:time_since_death":4695,"minecraft:total_world_time":56981,"minecraft:fall_one_cm":27010},"minecraft:used":{"minecraft:gravel":2,"minecraft:green_candle":1,"minecraft:cobblestone":1,"minecraft:dirt":5,"spartanweaponry:enderman_head":1,"spartanweaponry:spider_head":1,"cgm:rifle":3,"cgm:mini_gun":40,"cgm:heavy_rifle":1},"minecraft:picked_up":{"minecraft:cooked_beef":5,"minecraft:oak_stairs":2,"sophisticatedbackpacks:backpack":1,"minecraft:gravel":2,"minecraft:gunpowder":5,"alexsmobs:animal_dictionary":1,"minecraft:dirt":11,"minecraft:rotten_flesh":6,"minecraft:green_candle":1,"spartanweaponry:enderman_head":1,"camera:image":3,"minecraft:oak_planks":33,"minecraft:oxeye_daisy":1},"minecraft:dropped":{"minecraft:oxeye_daisy":1,"alexsmobs:animal_dictionary":2,"minecraft:oak_stairs":2,"minecraft:oak_planks":31,"cgm:heavy_rifle":1}},"DataVersion":2975}