{"stats":{"minecraft:killed_by":{"minecraft:zombie_villager":1,"minecraft:player":5,"minecraft:creeper":41,"minecraft:spider":1,"minecraft:zombie":27},"minecraft:dropped":{"minecraft:water_bucket":1,"minecraft:iron_ingot":9,"minecraft:iron_sword":4,"minecraft:cooked_beef":18,"minecraft:glass_bottle":1,"minecraft:feather":4,"minecraft:cobblestone":1,"minecraft:granite":2,"minecraft:dirt":66,"minecraft:torch":1,"minecraft:potion":3,"minecraft:iron_pickaxe":1,"minecraft:iron_shovel":1,"minecraft:string":1,"cgm:pistol":1,"minecraft:pointed_dripstone":1,"minecraft:chicken":2,"minecraft:light_gray_concrete":5,"minecraft:cooked_mutton":5,"cgm:assault_rifle":2,"minecraft:carrot":1,"minecraft:potato":2,"minecraft:shield":1,"cgm:basic_bullet":389,"minecraft:diamond_pickaxe":1,"minecraft:spider_eye":3,"minecraft:egg":3},"minecraft:crafted":{"minecraft:light_gray_concrete_powder":8,"minecraft:oak_planks":24,"minecraft:iron_nugget":10,"minecraft:furnace":2,"minecraft:cooked_mutton":19,"minecraft:glass":39,"minecraft:stone_pickaxe":3,"cgm:workbench":1,"minecraft:smoker":1,"minecraft:cooked_beef":24,"minecraft:glass_bottle":3,"minecraft:crafting_table":5,"minecraft:baked_potato":4,"minecraft:wooden_pickaxe":1,"minecraft:iron_sword":1,"minecraft:birch_planks":4,"minecraft:bucket":1,"minecraft:bread":3,"minecraft:air":0,"minecraft:potion":19,"minecraft:iron_chestplate":1,"minecraft:diamond_pickaxe":1,"minecraft:stick":8,"minecraft:iron_ingot":57,"minecraft:iron_pickaxe":2,"minecraft:light_gray_dye":1},"minecraft:killed":{"minecraft:spider":8,"alexsmobs:tasmanian_devil":1,"minecraft:horse":1,"minecraft:chicken":2,"alexsmobs:bison":5,"alexsmobs:centipede_head":1,"minecraft:drowned":2,"minecraft:pig":6,"alexsmobs:grizzly_bear":3,"minecraft:zombie_villager":2,"minecraft:creeper":53,"minecraft:sheep":2,"minecraft:zombie":111,"alexsmobs:crocodile":1,"alexsmobs:crow":2,"minecraft:cow":7},"minecraft:custom":{"minecraft:mob_kills":216,"minecraft:interact_with_crafting_table":34,"minecraft:leave_game":17,"minecraft:time_since_death":518,"minecraft:climb_one_cm":431,"minecraft:sprint_one_cm":1326450,"minecraft:walk_one_cm":1406935,"minecraft:damage_blocked_by_shield":2474,"minecraft:drop":56,"minecraft:damage_dealt_absorbed":160,"minecraft:play_time":530104,"minecraft:sneak_time":8853,"minecraft:deaths":94,"minecraft:walk_under_water_one_cm":390576,"minecraft:jump":8842,"minecraft:interact_with_brewingstand":1,"minecraft:walk_on_water_one_cm":218553,"minecraft:total_world_time":530104,"minecraft:interact_with_furnace":65,"minecraft:sleep_in_bed":13,"minecraft:time_since_rest":566,"minecraft:damage_taken":29573,"minecraft:damage_dealt":2316,"minecraft:player_kills":8,"minecraft:swim_one_cm":288166,"minecraft:fly_one_cm":1528650,"minecraft:open_chest":130,"minecraft:crouch_one_cm":11807,"minecraft:interact_with_smoker":16,"minecraft:fall_one_cm":390242,"minecraft:horse_one_cm":35507},"minecraft:broken":{"minecraft:iron_shovel":1,"minecraft:iron_leggings":1,"minecraft:iron_pickaxe":1},"minecraft:picked_up":{"minecraft:fishing_rod":1,"minecraft:azure_bluet":3,"minecraft:crafting_table":3,"minecraft:iron_chestplate":1,"minecraft:wheat":8,"cgm:basic_bullet":1767,"minecraft:chicken":2,"minecraft:leather_leggings":2,"minecraft:potion":8,"minecraft:string":7,"minecraft:iron_axe":1,"minecraft:raw_copper":84,"camera:image_frame":1,"minecraft:iron_leggings":1,"minecraft:iron_shovel":2,"minecraft:cobbled_deepslate":218,"minecraft:beef":46,"spartanweaponry:dynamite":9,"minecraft:light_gray_wool":2,"minecraft:sugar_cane":2,"minecraft:furnace":1,"minecraft:egg":4,"minecraft:stick":9,"minecraft:raw_iron":58,"minecraft:oak_fence":2,"minecraft:torch":16,"sophisticatedbackpacks:backpack":2,"minecraft:porkchop":8,"minecraft:pointed_dripstone":13,"minecraft:diorite":25,"minecraft:carrot":2,"alexsmobs:centipede_leg":1,"alexsmobs:crocodile_scute":2,"minecraft:stone_sword":1,"minecraft:rotten_flesh":105,"cgm:assault_rifle":3,"sophisticatedbackpacks:copper_backpack":2,"minecraft:mutton":3,"minecraft:cobblestone":214,"minecraft:snowball":84,"minecraft:white_wool":6,"minecraft:birch_log":1,"minecraft:feather":4,"minecraft:glow_ink_sac":10,"minecraft:water_bucket":2,"minecraft:andesite":7,"minecraft:leather":25,"alexsmobs:bison_fur":6,"minecraft:flint":4,"minecraft:tuff":9,"minecraft:oak_log":16,"minecraft:gunpowder":69,"minecraft:dirt":578,"minecraft:blue_bed":1,"cgm:grenade":9,"minecraft:wheat_seeds":51,"minecraft:green_candle":2,"minecraft:iron_ingot":3,"minecraft:stone_pickaxe":2,"minecraft:glass_bottle":16,"camera:image":4,"minecraft:iron_sword":3,"minecraft:oak_planks":6,"minecraft:sweet_berries":119,"minecraft:quartz":5,"minecraft:dripstone_block":15,"minecraft:gravel":31,"minecraft:sand":4,"minecraft:spruce_sapling":1,"minecraft:white_bed":3,"minecraft:lily_of_the_valley":1,"minecraft:spider_eye":5,"minecraft:light_gray_concrete":13,"cgm:pistol":2,"minecraft:diamond":4,"minecraft:granite":31,"minecraft:emerald":3,"minecraft:oak_sapling":5,"minecraft:netherrack":56,"minecraft:coal":60,"minecraft:diamond_pickaxe":1},"minecraft:used":{"minecraft:oak_fence":2,"minecraft:stone_sword":1,"minecraft:iron_shovel":245,"minecraft:chest":1,"minecraft:shield":74,"minecraft:iron_sword":16,"minecraft:rotten_flesh":12,"minecraft:torch":9,"minecraft:dirt":182,"cgm:workbench":1,"minecraft:carrot":1,"minecraft:tuff":1,"minecraft:granite":27,"minecraft:milk_bucket":1,"minecraft:iron_axe":22,"minecraft:beef":8,"spartanshields:iron_basic_shield":27,"minecraft:furnace":1,"minecraft:cooked_beef":6,"minecraft:cobbled_deepslate":12,"minecraft:cooked_mutton":14,"minecraft:water_bucket":15,"minecraft:diorite":34,"minecraft:stone_pickaxe":115,"cgm:pistol":341,"minecraft:glass_bottle":24,"minecraft:baked_potato":4,"minecraft:oak_planks":9,"minecraft:wooden_pickaxe":17,"minecraft:blue_bed":1,"spartanweaponry:dynamite":2,"minecraft:golden_hoe":5,"minecraft:crafting_table":7,"minecraft:white_bed":3,"minecraft:light_gray_concrete_powder":8,"minecraft:smoker":1,"sophisticatedbackpacks:backpack":1,"minecraft:diamond_pickaxe":74,"minecraft:iron_pickaxe":425,"minecraft:bread":3,"cgm:grenade":3,"minecraft:gravel":1,"minecraft:spruce_sapling":1,"cgm:assault_rifle":817,"minecraft:green_candle":2,"minecraft:potion":50,"minecraft:cobblestone":151,"minecraft:porkchop":8,"minecraft:andesite":1,"minecraft:bucket":15,"alexsmobs:animal_dictionary":1},"minecraft:mined":{"minecraft:tuff":7,"minecraft:white_bed":2,"minecraft:deepslate_diamond_ore":4,"minecraft:granite":23,"minecraft:grass_block":151,"minecraft:spruce_leaves":8,"minecraft:furnace":1,"minecraft:iron_ore":57,"minecraft:snow":14,"minecraft:andesite":4,"minecraft:azure_bluet":1,"minecraft:deepslate_iron_ore":1,"minecraft:light_gray_concrete":8,"minecraft:green_candle":1,"minecraft:stone":119,"sophisticatedbackpacks:backpack":1,"minecraft:crafting_table":3,"minecraft:torch":8,"minecraft:nether_quartz_ore":6,"minecraft:copper_ore":21,"minecraft:cobblestone":22,"minecraft:sugar_cane":1,"minecraft:oak_planks":3,"minecraft:diorite":14,"minecraft:birch_log":1,"minecraft:wheat":9,"minecraft:sweet_berry_bush":28,"minecraft:birch_leaves":1,"minecraft:grass":17,"minecraft:oak_log":16,"minecraft:coal_ore":48,"minecraft:dripstone_block":3,"minecraft:gravel":24,"minecraft:sand":4,"minecraft:dirt":117,"minecraft:netherrack":60,"minecraft:oak_leaves":22,"minecraft:deepslate":176,"minecraft:fern":2}},"DataVersion":2975}