{"stats":{"minecraft:crafted":{"minecraft:iron_helmet":1,"minecraft:copper_ingot":16,"minecraft:bread":18,"minecraft:air":0,"minecraft:potion":7,"minecraft:iron_chestplate":1,"minecraft:shield":1,"minecraft:stick":4,"minecraft:iron_leggings":1,"minecraft:wheat":54},"minecraft:picked_up":{"cgm:basic_bullet":395,"minecraft:creeper_head":1,"minecraft:andesite":2,"another_furniture:oak_bench":1,"minecraft:potion":8,"cgm:heavy_rifle":1,"minecraft:gunpowder":5,"minecraft:dirt":7,"minecraft:string":11,"minecraft:raw_copper":7,"minecraft:cobbled_deepslate":10,"minecraft:stone_pickaxe":3,"minecraft:iron_pickaxe":1,"minecraft:glass_bottle":1,"minecraft:iron_sword":1,"cgm:advanced_bullet":64,"minecraft:oak_planks":10,"minecraft:iron_boots":1,"minecraft:furnace":4,"minecraft:raw_iron":2,"minecraft:torch":8,"minecraft:gravel":2,"sophisticatedbackpacks:backpack":1,"minecraft:sand":23,"minecraft:diorite":3,"minecraft:white_bed":1,"cgm:pistol":2,"minecraft:rotten_flesh":18,"minecraft:granite":5,"minecraft:netherrack":1,"minecraft:mutton":2,"minecraft:white_wool":1,"minecraft:cobblestone":56},"minecraft:broken":{"minecraft:leather_helmet":1,"minecraft:iron_pickaxe":1},"minecraft:used":{"minecraft:water_bucket":5,"minecraft:diorite":3,"cgm:pistol":324,"minecraft:stone_pickaxe":14,"minecraft:oak_planks":1,"minecraft:iron_sword":30,"minecraft:leather_boots":1,"minecraft:iron_chestplate":1,"minecraft:torch":39,"minecraft:sand":38,"minecraft:dirt":6,"minecraft:mutton":2,"minecraft:snowball":13,"minecraft:granite":52,"minecraft:iron_pickaxe":49,"minecraft:bread":18,"minecraft:iron_helmet":1,"minecraft:cobblestone":44,"minecraft:potion":39,"minecraft:furnace":2,"minecraft:andesite":2,"minecraft:bucket":6,"minecraft:cooked_beef":10,"minecraft:cobbled_deepslate":49,"cgm:heavy_rifle":6,"minecraft:iron_leggings":1},"minecraft:custom":{"minecraft:interact_with_furnace":16,"minecraft:mob_kills":28,"minecraft:interact_with_crafting_table":15,"minecraft:open_barrel":1,"minecraft:leave_game":10,"minecraft:time_since_death":2560,"minecraft:sleep_in_bed":1,"minecraft:climb_one_cm":3403,"minecraft:time_since_rest":2979,"minecraft:sprint_one_cm":245420,"minecraft:damage_taken":7508,"minecraft:walk_one_cm":404467,"minecraft:drop":45,"minecraft:damage_dealt":773,"minecraft:swim_one_cm":42107,"minecraft:talked_to_villager":4,"minecraft:fly_one_cm":183005,"minecraft:player_kills":25,"minecraft:open_chest":31,"minecraft:crouch_one_cm":13581,"minecraft:play_time":103844,"minecraft:deaths":19,"minecraft:sneak_time":3358,"minecraft:walk_under_water_one_cm":77813,"minecraft:jump":1373,"minecraft:interact_with_blast_furnace":2,"minecraft:walk_on_water_one_cm":6587,"minecraft:total_world_time":103844,"minecraft:fall_one_cm":42876},"minecraft:dropped":{"cgm:advanced_bullet":64,"cgm:pistol":1,"minecraft:cooked_beef":1,"minecraft:glass_bottle":2,"minecraft:raw_iron":2,"minecraft:cobblestone":1,"minecraft:rotten_flesh":5,"minecraft:granite":2,"another_furniture:oak_bench":1,"cgm:basic_bullet":1,"minecraft:torch":7,"minecraft:potion":17,"minecraft:sand":49,"cgm:heavy_rifle":3,"minecraft:white_wool":1},"minecraft:killed_by":{"minecraft:player":15,"minecraft:creeper":1,"minecraft:zombie":1},"minecraft:killed":{"minecraft:creeper":12,"minecraft:sheep":1,"minecraft:zombie":12,"minecraft:villager":2},"minecraft:mined":{"minecraft:white_bed":1,"minecraft:torch":3,"minecraft:granite":3,"minecraft:grass_block":4,"minecraft:cobblestone":23,"minecraft:wall_torch":5,"minecraft:furnace":4,"minecraft:iron_ore":2,"minecraft:cobbled_deepslate":9,"minecraft:andesite":10,"minecraft:grass":2,"minecraft:vine":7,"minecraft:sand":7,"minecraft:dirt":8,"minecraft:cobweb":11,"minecraft:stone":3,"minecraft:netherrack":1,"minecraft:deepslate":1}},"DataVersion":2975}