{"stats":{"minecraft:killed_by":{"minecraft:creeper":32,"minecraft:drowned":1,"alexsmobs:crocodile":1,"minecraft:cave_spider":7,"minecraft:witch":1,"minecraft:zombie":34,"alexsmobs:grizzly_bear":1,"minecraft:pig":1,"minecraft:player":36,"alexsmobs:rocky_roller":1,"minecraft:spider":3,"minecraft:enderman":1,"alexsmobs:bison":2},"minecraft:custom":{"minecraft:interact_with_crafting_table":180,"minecraft:open_barrel":2,"minecraft:bell_ring":4,"minecraft:leave_game":38,"minecraft:time_since_death":35942,"minecraft:damage_resisted":78,"minecraft:sprint_one_cm":2487697,"minecraft:damage_blocked_by_shield":10359,"minecraft:drop":438,"minecraft:talked_to_villager":18,"minecraft:play_time":1277134,"minecraft:deaths":140,"minecraft:jump":16008,"minecraft:interact_with_brewingstand":21,"minecraft:walk_on_water_one_cm":267149,"minecraft:interact_with_furnace":384,"minecraft:traded_with_villager":7,"minecraft:sleep_in_bed":36,"minecraft:damage_dealt":15402,"minecraft:player_kills":36,"minecraft:crouch_one_cm":224941,"minecraft:interact_with_smoker":15,"minecraft:horse_one_cm":32594,"minecraft:mob_kills":844,"minecraft:interact_with_campfire":10,"minecraft:damage_dealt_resisted":1623,"minecraft:climb_one_cm":4826,"minecraft:walk_one_cm":3561969,"minecraft:damage_dealt_absorbed":567,"minecraft:sneak_time":75323,"minecraft:walk_under_water_one_cm":848424,"minecraft:interact_with_blast_furnace":9,"minecraft:total_world_time":1277134,"spartanshields:shield_bash_hits":20,"minecraft:time_since_rest":1170,"minecraft:damage_absorbed":321,"minecraft:damage_taken":47926,"minecraft:swim_one_cm":103645,"minecraft:fly_one_cm":2888057,"minecraft:open_chest":452,"minecraft:fall_one_cm":562407},"minecraft:used":{"minecraft:iron_shovel":248,"sophisticatedbackpacks:copper_backpack":7,"minecraft:shield":3,"minecraft:chest":5,"minecraft:stone":1,"minecraft:iron_sword":154,"minecraft:player_head":1,"minecraft:carrot":16,"minecraft:snowball":1,"minecraft:honey_bottle":2,"minecraft:glass":29,"spartanweaponry:iron_longsword":10,"minecraft:lantern":6,"minecraft:iron_helmet":1,"spartanweaponry:stone_glaive":91,"minecraft:stone_bricks":1,"spartanshields:iron_basic_shield":202,"minecraft:sweet_berries":19,"minecraft:oak_sapling":20,"minecraft:furnace":18,"minecraft:potato":5,"minecraft:diorite":1,"minecraft:mossy_stone_bricks":1,"spartanweaponry:diamond_heavy_crossbow":2,"minecraft:oak_planks":621,"minecraft:stone_pickaxe":622,"minecraft:sugar_cane":65,"minecraft:diamond_axe":453,"minecraft:wooden_pickaxe":12,"spartanweaponry:iron_boomerang":12,"minecraft:blue_bed":2,"minecraft:oak_leaves":4,"minecraft:golden_apple":6,"minecraft:blast_furnace":2,"minecraft:dripstone_block":19,"minecraft:shears":679,"sophisticatedbackpacks:backpack":6,"minecraft:string":2,"minecraft:bread":32,"minecraft:zombie_head":3,"minecraft:gravel":8,"minecraft:diamond_sword":244,"minecraft:andesite":65,"minecraft:smooth_stone_slab":1,"minecraft:coarse_dirt":1,"cgm:mini_gun":2572,"minecraft:bone_meal":21,"minecraft:oak_trapdoor":1,"camera:image_frame":30,"sophisticatedbackpacks:iron_backpack":11,"minecraft:stone_sword":20,"minecraft:flint_and_steel":8,"minecraft:stone_shovel":77,"minecraft:wooden_shovel":53,"minecraft:cooked_chicken":9,"minecraft:netherrack":43,"minecraft:oak_door":2,"minecraft:torch":149,"minecraft:brewing_stand":4,"minecraft:dirt":1495,"another_furniture:oak_bench":4,"another_furniture:black_sofa":3,"minecraft:granite":26,"cgm:rifle":1032,"minecraft:oak_stairs":1,"another_furniture:blue_lamp":13,"minecraft:iron_boots":1,"minecraft:cooked_beef":12,"minecraft:cobbled_deepslate":14,"minecraft:enchanted_golden_apple":1,"minecraft:iron_leggings":1,"sophisticatedbackpacks:gold_backpack":1,"minecraft:wheat_seeds":23,"minecraft:cooked_mutton":8,"alexsmobs:cooked_catfish":5,"minecraft:birch_planks":58,"cgm:pistol":440,"minecraft:glass_bottle":147,"minecraft:polished_andesite":2,"minecraft:cobblestone_slab":6,"spartanshields:iron_tower_shield":207,"spartanweaponry:dynamite":15,"minecraft:mossy_cobblestone":1,"minecraft:oak_slab":14,"minecraft:crafting_table":22,"minecraft:white_bed":5,"minecraft:smoker":1,"minecraft:oak_log":7,"minecraft:wooden_hoe":15,"minecraft:apple":44,"minecraft:diamond_shovel":1914,"minecraft:iron_pickaxe":890,"alexsmobs:crocodile_egg":1,"cgm:grenade":11,"spartanshields:copper_tower_shield":133,"spartanweaponry:iron_heavy_crossbow":12,"cold_sweat:boiler":1,"minecraft:stone_axe":366,"minecraft:cobblestone":995,"minecraft:potion":164,"minecraft:fishing_rod":5,"minecraft:porkchop":1,"minecraft:white_banner":4,"minecraft:cooked_porkchop":21,"minecraft:smooth_stone":6},"minecraft:killed":{"minecraft:cave_spider":44,"minecraft:witch":1,"minecraft:spider":38,"minecraft:skeleton":1,"minecraft:chicken":7,"alexsmobs:centipede_head":1,"minecraft:pig":5,"minecraft:zombie_villager":6,"minecraft:salmon":3,"man:managgresive":1,"minecraft:iron_golem":3,"minecraft:creeper":130,"minecraft:sheep":2,"minecraft:pillager":2,"minecraft:zombie":500,"alexsmobs:terrapin":1,"minecraft:cow":9,"alexsmobs:raccoon":5,"alexsmobs:tasmanian_devil":1,"minecraft:horse":11,"alexsmobs:bison":28,"minecraft:drowned":5,"minecraft:bat":2,"alexsmobs:catfish":11,"alexsmobs:crocodile":5,"alexsmobs:crow":1},"minecraft:picked_up":{"minecraft:iron_chestplate":3,"minecraft:wheat":17,"cgm:basic_bullet":1519,"minecraft:flower_pot":1,"minecraft:diamond_sword":7,"minecraft:oak_stairs":1,"minecraft:enchanted_book":1,"minecraft:potion":33,"camera:camera":2,"minecraft:brewing_stand":4,"minecraft:string":182,"minecraft:raw_copper":25,"minecraft:smooth_stone_slab":7,"minecraft:iron_leggings":3,"minecraft:zombie_head":4,"spartanweaponry:bolt":6,"minecraft:smooth_stone":8,"minecraft:cobbled_deepslate":161,"minecraft:cobblestone_slab":3,"minecraft:calcite":12,"minecraft:iron_pickaxe":6,"cgm:advanced_bullet":299,"minecraft:iron_boots":3,"minecraft:furnace":9,"minecraft:blue_wool":3,"spartanweaponry:stone_glaive":3,"minecraft:stick":92,"minecraft:oak_fence":2,"minecraft:torch":123,"minecraft:porkchop":11,"minecraft:pointed_dripstone":152,"minecraft:diorite":65,"minecraft:golden_chestplate":2,"alexsmobs:centipede_leg":1,"cgm:medium_scope":1,"minecraft:rotten_flesh":620,"minecraft:cyan_terracotta":5,"minecraft:snowball":332,"minecraft:blaze_powder":1,"minecraft:cobblestone":1122,"minecraft:birch_log":17,"minecraft:lilac":1,"minecraft:feather":7,"minecraft:cooked_beef":21,"minecraft:andesite":68,"spartanshields:iron_basic_shield":1,"minecraft:potato":3,"alexsmobs:bison_fur":28,"minecraft:flint":8,"minecraft:tuff":3,"minecraft:lapis_lazuli":105,"minecraft:dirt":2203,"minecraft:lantern":2,"cgm:grenade":14,"minecraft:bone":3,"minecraft:wheat_seeds":84,"minecraft:green_candle":5,"minecraft:raw_gold":25,"minecraft:mossy_stone_bricks":1,"camera:image":43,"minecraft:oak_planks":262,"minecraft:cooked_porkchop":36,"cgm:rifle":6,"alexsmobs:crocodile_egg":3,"minecraft:sand":194,"cold_sweat:waterskin":1,"sophisticatedbackpacks:iron_backpack":14,"minecraft:mossy_cobblestone":7,"cgm:pistol":1,"minecraft:polished_andesite":11,"minecraft:diamond":4,"minecraft:granite":106,"spartanweaponry:iron_heavy_crossbow":4,"minecraft:bone_meal":15,"minecraft:grass":1,"minecraft:golden_apple":2,"minecraft:bread":20,"minecraft:oak_sapling":102,"minecraft:netherrack":8,"minecraft:oak_leaves":732,"minecraft:fishing_rod":3,"sophisticatedbackpacks:gold_backpack":3,"cold_sweat:boiler":1,"minecraft:coarse_dirt":9,"minecraft:crafting_table":9,"minecraft:azure_bluet":1,"minecraft:chicken":7,"minecraft:splash_potion":1,"minecraft:leather_leggings":4,"minecraft:gold_block":1,"minecraft:shield":1,"minecraft:flint_and_steel":1,"minecraft:cornflower":1,"minecraft:oak_trapdoor":7,"camera:image_frame":31,"cold_sweat:thermometer":1,"minecraft:iron_shovel":1,"minecraft:cracked_stone_bricks":3,"another_furniture:black_sofa":3,"minecraft:candle":4,"cgm:mini_gun":7,"minecraft:beef":211,"spartanweaponry:dynamite":1,"minecraft:player_head":5,"minecraft:iron_nugget":5,"minecraft:poppy":1,"minecraft:minecart":1,"minecraft:sugar_cane":322,"minecraft:chest":1,"minecraft:egg":3,"minecraft:raw_iron":132,"minecraft:oak_door":2,"minecraft:copper_ingot":22,"sophisticatedbackpacks:backpack":7,"minecraft:carrot":4,"minecraft:redstone":29,"alexsmobs:crocodile_scute":6,"minecraft:tnt":2,"minecraft:arrow":6,"another_furniture:blue_lamp":7,"minecraft:beetroot_seeds":5,"minecraft:shears":1,"minecraft:hay_block":10,"sophisticatedbackpacks:copper_backpack":9,"minecraft:mutton":4,"minecraft:white_wool":23,"minecraft:oxeye_daisy":1,"minecraft:stripped_oak_log":5,"minecraft:glow_ink_sac":8,"minecraft:salmon":1,"minecraft:leather":27,"spartanweaponry:iron_longsword":1,"another_furniture:oak_bench":3,"minecraft:birch_planks":14,"minecraft:oak_log":632,"minecraft:chainmail_chestplate":2,"minecraft:gunpowder":195,"minecraft:wooden_hoe":1,"minecraft:blue_bed":1,"minecraft:paper":3,"minecraft:white_banner":4,"minecraft:apple":22,"minecraft:stone_bricks":1,"minecraft:iron_ingot":61,"minecraft:stone_pickaxe":7,"minecraft:cobweb":2,"spartanshields:wooden_basic_shield":1,"minecraft:glass_bottle":32,"minecraft:iron_sword":4,"minecraft:oak_slab":10,"minecraft:polished_andesite_stairs":3,"minecraft:smooth_basalt":2,"minecraft:pumpkin":1,"minecraft:sweet_berries":14,"minecraft:dandelion":1,"minecraft:dripstone_block":97,"minecraft:gravel":23,"minecraft:amethyst_shard":4,"minecraft:blast_furnace":2,"minecraft:white_bed":7,"minecraft:spider_eye":29,"minecraft:leather_helmet":1,"alexsmobs:raw_catfish":15,"minecraft:diamond_shovel":2,"minecraft:pumpkin_seeds":2,"minecraft:stone_axe":2,"minecraft:diamond_axe":3,"minecraft:mossy_cobblestone_stairs":1,"minecraft:gray_wool":2,"minecraft:black_wool":6,"minecraft:coal":50,"cold_sweat:filled_waterskin":6},"minecraft:broken":{"minecraft:shears":2,"minecraft:iron_boots":2,"minecraft:iron_leggings":2,"minecraft:stone_pickaxe":2,"minecraft:stone_axe":1,"minecraft:golden_chestplate":2,"minecraft:iron_pickaxe":4,"minecraft:iron_helmet":2},"minecraft:crafted":{"minecraft:oak_planks":1702,"minecraft:cobblestone_slab":6,"minecraft:cooked_chicken":6,"spartanshields:wooden_tower_shield":2,"minecraft:stone":4,"minecraft:cooked_mutton":1,"spartanweaponry:bolt":12,"minecraft:glass":29,"minecraft:bow":1,"minecraft:iron_boots":3,"minecraft:chest":4,"alexsmobs:cooked_catfish":11,"spartanweaponry:dynamite":28,"minecraft:smoker":1,"minecraft:oak_slab":18,"minecraft:wooden_shovel":1,"minecraft:emerald":7,"minecraft:cooked_porkchop":8,"minecraft:crafting_table":20,"spartanshields:iron_tower_shield":2,"minecraft:wooden_pickaxe":1,"minecraft:iron_helmet":2,"minecraft:copper_ingot":189,"minecraft:birch_planks":68,"minecraft:iron_chestplate":2,"minecraft:wooden_hoe":1,"minecraft:paper":72,"minecraft:charcoal":5,"camera:camera":1,"minecraft:stick":762,"minecraft:iron_ingot":144,"minecraft:iron_pickaxe":4,"minecraft:stone_sword":1,"minecraft:gold_ingot":19,"minecraft:shears":3,"minecraft:oak_door":6,"minecraft:stone_shovel":1,"spartanweaponry:stone_glaive":1,"minecraft:fishing_rod":1,"minecraft:tripwire_hook":2,"minecraft:iron_nugget":100,"minecraft:furnace":15,"minecraft:stone_button":1,"spartanweaponry:explosive_charge":28,"minecraft:bone_meal":36,"minecraft:oak_trapdoor":6,"minecraft:lantern":5,"minecraft:stone_pickaxe":4,"another_furniture:blue_lamp":6,"minecraft:cooked_beef":77,"spartanweaponry:pole":1,"minecraft:iron_sword":2,"spartanweaponry:handle":1,"minecraft:blue_bed":1,"sophisticatedbackpacks:gold_backpack":1,"minecraft:stone_axe":1,"minecraft:bread":2,"minecraft:air":0,"minecraft:blue_dye":9,"minecraft:potion":141,"minecraft:blue_wool":7,"minecraft:iron_leggings":2,"minecraft:white_bed":2,"camera:image_frame":4,"spartanweaponry:iron_heavy_crossbow":1,"minecraft:torch":132},"minecraft:mined":{"minecraft:white_bed":6,"sophisticatedbackpacks:gold_backpack":1,"minecraft:brewing_stand":4,"minecraft:granite":76,"minecraft:grass_block":1027,"sophisticatedbackpacks:iron_backpack":11,"minecraft:oxeye_daisy":2,"another_furniture:oak_table":2,"minecraft:spawner":23,"another_furniture:black_sofa":1,"minecraft:smooth_stone":2,"minecraft:tall_seagrass":7,"minecraft:mossy_cobblestone_stairs":2,"minecraft:cobbled_deepslate":1,"minecraft:iron_ore":104,"minecraft:fire":12,"minecraft:pumpkin":1,"minecraft:deepslate_lapis_ore":4,"alexsmobs:crocodile_egg":1,"minecraft:pointed_dripstone":4,"minecraft:dirt_path":1,"minecraft:white_banner":2,"sophisticatedbackpacks:copper_backpack":5,"minecraft:tripwire":2,"minecraft:deepslate_redstone_ore":6,"minecraft:cyan_terracotta":2,"minecraft:player_wall_head":1,"minecraft:amethyst_cluster":2,"minecraft:torch":19,"minecraft:blast_furnace":2,"minecraft:calcite":3,"minecraft:polished_andesite_stairs":1,"minecraft:cobblestone":143,"cold_sweat:boiler":1,"minecraft:white_candle":1,"minecraft:oak_planks":76,"minecraft:sugar_cane":147,"minecraft:wall_torch":7,"minecraft:amethyst_block":6,"minecraft:deepslate_copper_ore":5,"minecraft:seagrass":8,"minecraft:birch_log":17,"minecraft:wheat":13,"minecraft:lilac":2,"minecraft:smooth_stone_slab":3,"minecraft:grass":132,"minecraft:oak_log":619,"minecraft:sand":236,"minecraft:dirt":673,"minecraft:smooth_basalt":2,"minecraft:netherrack":8,"minecraft:oak_leaves":811,"minecraft:deepslate":118,"minecraft:tuff":1,"minecraft:mossy_cobblestone":4,"minecraft:deepslate_diamond_ore":4,"minecraft:candle":1,"minecraft:glow_lichen":1,"minecraft:hay_block":10,"minecraft:oak_trapdoor":1,"minecraft:furnace":9,"minecraft:snow":410,"minecraft:andesite":48,"another_furniture:oak_bench":2,"minecraft:gold_block":1,"minecraft:cobblestone_slab":1,"minecraft:deepslate_iron_ore":27,"minecraft:vine":2,"minecraft:lantern":2,"minecraft:stripped_oak_log":6,"minecraft:green_candle":1,"minecraft:stone":638,"sophisticatedbackpacks:backpack":2,"another_furniture:blue_lamp":7,"minecraft:white_wool":17,"minecraft:oak_slab":9,"minecraft:dandelion":1,"minecraft:oak_fence":3,"minecraft:crafting_table":10,"minecraft:copper_ore":2,"minecraft:tall_grass":17,"minecraft:lapis_ore":24,"minecraft:deepslate_gold_ore":25,"minecraft:diorite":55,"minecraft:blue_bed":1,"minecraft:birch_planks":14,"minecraft:sweet_berry_bush":4,"minecraft:ice":2,"minecraft:birch_leaves":2,"minecraft:white_wall_banner":1,"minecraft:coal_ore":42,"minecraft:zombie_head":3,"minecraft:gravel":32,"minecraft:sunflower":1,"minecraft:dripstone_block":26,"minecraft:cobweb":98,"minecraft:cracked_stone_bricks":3,"minecraft:polished_andesite":4,"minecraft:stone_bricks":1,"minecraft:mossy_stone_bricks":1},"minecraft:dropped":{"spartanweaponry:dynamite":13,"sophisticatedbackpacks:iron_backpack":1,"minecraft:iron_sword":2,"minecraft:porkchop":5,"minecraft:diamond_axe":2,"minecraft:lapis_lazuli":13,"minecraft:cooked_beef":36,"minecraft:oak_log":263,"minecraft:glow_ink_sac":5,"minecraft:glass_bottle":13,"minecraft:crafting_table":3,"minecraft:cooked_porkchop":9,"minecraft:leather":2,"minecraft:iron_horse_armor":1,"minecraft:cracked_stone_bricks":3,"minecraft:flint":7,"spartanshields:wooden_basic_shield":1,"sophisticatedbackpacks:gold_backpack":2,"minecraft:cyan_terracotta":2,"minecraft:dirt":649,"minecraft:grass":1,"minecraft:cornflower":1,"minecraft:snowball":181,"minecraft:bone_meal":30,"minecraft:sand":215,"minecraft:fishing_rod":2,"minecraft:bone":11,"minecraft:oak_door":1,"minecraft:gravel":14,"alexsmobs:centipede_leg":1,"minecraft:stone_axe":2,"cgm:pistol":3,"minecraft:sugar_cane":3,"cold_sweat:waterskin":1,"spartanweaponry:iron_heavy_crossbow":2,"minecraft:iron_nugget":4,"alexsmobs:animal_dictionary":1,"minecraft:cobbled_deepslate":2,"minecraft:blue_wool":4,"minecraft:pointed_dripstone":126,"camera:image":21,"minecraft:rotten_flesh":417,"minecraft:oak_planks":624,"minecraft:diamond_shovel":1,"minecraft:azure_bluet":1,"minecraft:carrot":1,"minecraft:chainmail_chestplate":3,"minecraft:poppy":1,"minecraft:gunpowder":61,"cgm:basic_bullet":15,"minecraft:beetroot_seeds":5,"minecraft:melon_seeds":3,"camera:camera":1,"minecraft:leather_leggings":4,"minecraft:arrow":4,"cgm:heavy_rifle":1,"minecraft:glass":2,"minecraft:oak_leaves":698,"spartanweaponry:copper_boomerang":1,"minecraft:enchanted_book":1,"minecraft:iron_ingot":20,"minecraft:oak_slab":8,"minecraft:wheat_seeds":50,"spartanweaponry:iron_boomerang":2,"cgm:grenade":2,"minecraft:mossy_cobblestone":4,"minecraft:minecart":1,"spartanweaponry:stone_glaive":1,"minecraft:dripstone_block":29,"minecraft:oak_fence":2,"minecraft:feather":3,"cgm:mini_gun":2,"minecraft:cobblestone":82,"minecraft:granite":84,"minecraft:copper_ingot":54,"minecraft:coal":1,"minecraft:golden_apple":1,"minecraft:stick":1,"minecraft:polished_andesite":5,"minecraft:oxeye_daisy":1,"minecraft:diorite":5,"minecraft:torch":101,"minecraft:zombie_head":1,"minecraft:potion":50,"minecraft:iron_leggings":3,"minecraft:pumpkin":1,"minecraft:mossy_cobblestone_stairs":1,"minecraft:smooth_stone":1,"minecraft:iron_shovel":1,"minecraft:paper":1,"minecraft:string":10,"minecraft:tripwire_hook":1,"cold_sweat:thermometer":1,"minecraft:dandelion":4,"minecraft:redstone":1,"minecraft:smooth_basalt":2,"cgm:rifle":3,"minecraft:furnace":2,"minecraft:sweet_berries":3,"minecraft:oak_trapdoor":6,"minecraft:player_head":3,"minecraft:coarse_dirt":4,"minecraft:stone_sword":1,"minecraft:raw_copper":19,"minecraft:smooth_stone_slab":4,"camera:image_frame":5,"minecraft:stone_shovel":1,"cold_sweat:filled_waterskin":1,"minecraft:chicken":2,"minecraft:light_gray_wool":1,"minecraft:iron_boots":2,"sophisticatedbackpacks:backpack":1,"minecraft:shears":1,"minecraft:flint_and_steel":1,"minecraft:diamond_sword":3,"minecraft:cobblestone_slab":6,"minecraft:stone":2,"minecraft:flower_pot":1,"minecraft:iron_chestplate":3,"minecraft:andesite":19,"spartanshields:copper_tower_shield":2,"minecraft:oak_sapling":62,"minecraft:spider_eye":24,"sophisticatedbackpacks:copper_backpack":1,"minecraft:stone_pickaxe":4,"minecraft:wooden_pickaxe":1,"minecraft:calcite":6,"minecraft:black_wool":6}},"DataVersion":2975}