{"stats":{"minecraft:custom":{"minecraft:interact_with_crafting_table":203,"minecraft:open_barrel":2,"minecraft:bell_ring":4,"minecraft:leave_game":44,"minecraft:time_since_death":27765,"minecraft:damage_resisted":78,"minecraft:sprint_one_cm":2879256,"minecraft:damage_blocked_by_shield":11589,"minecraft:drop":518,"minecraft:talked_to_villager":44,"minecraft:play_time":1439335,"minecraft:deaths":144,"minecraft:jump":18326,"minecraft:interact_with_brewingstand":21,"minecraft:walk_on_water_one_cm":279085,"minecraft:interact_with_furnace":422,"minecraft:traded_with_villager":33,"minecraft:sleep_in_bed":38,"minecraft:damage_dealt":16490,"minecraft:player_kills":36,"minecraft:crouch_one_cm":253856,"minecraft:interact_with_smoker":17,"minecraft:use_cauldron":9,"minecraft:horse_one_cm":32594,"minecraft:interact_with_anvil":3,"minecraft:mob_kills":896,"minecraft:interact_with_campfire":10,"minecraft:damage_dealt_resisted":2745,"minecraft:climb_one_cm":4826,"minecraft:walk_one_cm":4003841,"minecraft:damage_dealt_absorbed":767,"minecraft:sneak_time":81783,"minecraft:walk_under_water_one_cm":1038666,"minecraft:boat_one_cm":47861,"minecraft:interact_with_blast_furnace":12,"minecraft:total_world_time":1439335,"spartanshields:shield_bash_hits":21,"minecraft:time_since_rest":27949,"minecraft:damage_absorbed":321,"minecraft:damage_taken":51456,"minecraft:swim_one_cm":121389,"minecraft:fly_one_cm":3400835,"minecraft:open_chest":479,"minecraft:fall_one_cm":637613},"minecraft:used":{"minecraft:iron_shovel":248,"sophisticatedbackpacks:copper_backpack":7,"minecraft:shield":5,"minecraft:chest":7,"minecraft:stone":1,"minecraft:iron_sword":154,"minecraft:player_head":1,"minecraft:mutton":3,"minecraft:carrot":16,"minecraft:snowball":4,"minecraft:honey_bottle":2,"minecraft:glass":180,"spartanweaponry:iron_longsword":10,"cgm:shotgun":57,"minecraft:lantern":6,"minecraft:iron_helmet":1,"spartanweaponry:stone_glaive":91,"minecraft:stone_bricks":1,"spartanshields:iron_basic_shield":202,"minecraft:sweet_berries":19,"minecraft:oak_sapling":20,"minecraft:furnace":20,"minecraft:potato":363,"minecraft:oak_planks":853,"minecraft:diorite":1,"minecraft:mossy_stone_bricks":1,"minecraft:sugar_cane":65,"minecraft:stone_pickaxe":622,"spartanweaponry:diamond_heavy_crossbow":8,"minecraft:diamond_axe":717,"spartanweaponry:iron_boomerang":12,"minecraft:wooden_pickaxe":12,"minecraft:blue_bed":2,"minecraft:golden_apple":6,"minecraft:oak_leaves":4,"minecraft:white_wool":2,"minecraft:blast_furnace":2,"minecraft:dripstone_block":19,"minecraft:shears":679,"sophisticatedbackpacks:backpack":6,"minecraft:string":2,"minecraft:bread":32,"minecraft:zombie_head":4,"spartanshields:diamond_tower_shield":35,"minecraft:gravel":8,"minecraft:diamond_sword":279,"minecraft:andesite":65,"minecraft:smooth_stone_slab":1,"minecraft:coarse_dirt":1,"minecraft:oak_boat":4,"cgm:mini_gun":2745,"minecraft:bone_meal":24,"minecraft:oak_trapdoor":1,"camera:image_frame":30,"sophisticatedbackpacks:iron_backpack":11,"minecraft:stone_sword":20,"minecraft:flint_and_steel":14,"minecraft:stone_shovel":77,"minecraft:wooden_shovel":110,"minecraft:cooked_chicken":10,"minecraft:netherrack":43,"minecraft:oak_door":2,"minecraft:torch":204,"minecraft:brewing_stand":4,"minecraft:dirt":1562,"another_furniture:oak_bench":4,"another_furniture:black_sofa":3,"minecraft:granite":26,"cgm:rifle":1063,"minecraft:oak_fence_gate":1,"minecraft:oak_stairs":1,"another_furniture:blue_lamp":13,"cold_sweat:icebox":11,"minecraft:iron_boots":1,"minecraft:enchanted_golden_apple":1,"minecraft:cooked_beef":12,"minecraft:cobbled_deepslate":14,"another_furniture:oak_drawer":4,"minecraft:iron_leggings":1,"sophisticatedbackpacks:gold_backpack":2,"minecraft:wheat_seeds":23,"minecraft:cooked_mutton":8,"alexsmobs:cooked_catfish":5,"minecraft:snow_block":6,"minecraft:birch_planks":58,"cgm:pistol":440,"minecraft:glass_bottle":181,"minecraft:polished_andesite":2,"minecraft:cobblestone_slab":6,"spartanshields:iron_tower_shield":207,"spartanweaponry:dynamite":15,"minecraft:mossy_cobblestone":1,"minecraft:oak_slab":18,"minecraft:crafting_table":25,"minecraft:white_bed":5,"minecraft:smoker":1,"minecraft:wooden_hoe":15,"minecraft:oak_log":7,"minecraft:diamond_pickaxe":9,"minecraft:apple":47,"minecraft:diamond_shovel":2431,"minecraft:iron_pickaxe":894,"alexsmobs:crocodile_egg":1,"cgm:grenade":11,"spartanshields:copper_tower_shield":133,"spartanweaponry:iron_heavy_crossbow":12,"cold_sweat:boiler":1,"minecraft:stone_axe":366,"minecraft:cobblestone":1021,"minecraft:potion":208,"minecraft:fishing_rod":5,"minecraft:porkchop":3,"minecraft:white_banner":4,"minecraft:cooked_porkchop":40,"minecraft:smooth_stone":6},"minecraft:mined":{"minecraft:white_bed":6,"sophisticatedbackpacks:gold_backpack":1,"minecraft:brewing_stand":4,"minecraft:granite":76,"minecraft:grass_block":1246,"sophisticatedbackpacks:iron_backpack":11,"minecraft:oxeye_daisy":2,"another_furniture:oak_table":2,"minecraft:spawner":23,"another_furniture:black_sofa":1,"minecraft:smooth_stone":2,"minecraft:tall_seagrass":7,"minecraft:mossy_cobblestone_stairs":2,"minecraft:iron_ore":104,"minecraft:fire":16,"minecraft:cobbled_deepslate":1,"minecraft:pumpkin":1,"minecraft:deepslate_lapis_ore":4,"alexsmobs:crocodile_egg":1,"minecraft:pointed_dripstone":4,"minecraft:dirt_path":24,"minecraft:white_banner":2,"sophisticatedbackpacks:copper_backpack":5,"minecraft:tripwire":2,"minecraft:deepslate_redstone_ore":6,"minecraft:cyan_terracotta":2,"minecraft:player_wall_head":1,"minecraft:amethyst_cluster":2,"minecraft:torch":19,"minecraft:blast_furnace":2,"minecraft:polished_andesite_stairs":1,"minecraft:poppy":3,"minecraft:calcite":3,"minecraft:glass":10,"minecraft:cobblestone":153,"cold_sweat:boiler":1,"minecraft:white_candle":1,"minecraft:oak_planks":83,"minecraft:sugar_cane":147,"minecraft:wall_torch":18,"minecraft:amethyst_block":6,"minecraft:deepslate_copper_ore":5,"minecraft:white_terracotta":2,"minecraft:seagrass":8,"another_furniture:oak_drawer":1,"minecraft:birch_log":17,"minecraft:wheat":13,"minecraft:lilac":2,"minecraft:smooth_stone_slab":3,"minecraft:grass":178,"minecraft:oak_log":843,"minecraft:sand":363,"minecraft:dirt":767,"minecraft:smooth_basalt":2,"minecraft:zombie_wall_head":1,"minecraft:netherrack":8,"minecraft:oak_leaves":831,"minecraft:deepslate":118,"minecraft:tuff":1,"minecraft:mossy_cobblestone":4,"minecraft:deepslate_diamond_ore":4,"minecraft:candle":1,"minecraft:glow_lichen":1,"minecraft:hay_block":10,"minecraft:oak_trapdoor":1,"minecraft:furnace":9,"minecraft:snow":487,"minecraft:andesite":48,"another_furniture:oak_bench":2,"minecraft:gold_block":1,"minecraft:cobblestone_slab":1,"minecraft:potatoes":234,"minecraft:deepslate_iron_ore":27,"minecraft:vine":2,"minecraft:lantern":2,"minecraft:stripped_oak_log":6,"minecraft:green_candle":1,"minecraft:stone":638,"sophisticatedbackpacks:backpack":2,"another_furniture:blue_lamp":7,"minecraft:white_wool":19,"minecraft:oak_slab":15,"minecraft:snow_block":6,"minecraft:dandelion":1,"minecraft:oak_fence":3,"minecraft:crafting_table":10,"minecraft:copper_ore":2,"minecraft:tall_grass":24,"minecraft:lapis_ore":24,"minecraft:deepslate_gold_ore":25,"minecraft:diorite":55,"minecraft:blue_bed":1,"minecraft:birch_planks":14,"minecraft:sweet_berry_bush":4,"minecraft:ice":2,"minecraft:birch_leaves":2,"minecraft:white_wall_banner":1,"minecraft:coal_ore":42,"minecraft:zombie_head":3,"minecraft:gravel":32,"minecraft:sunflower":1,"minecraft:dripstone_block":26,"minecraft:cobweb":98,"minecraft:cracked_stone_bricks":3,"minecraft:polished_andesite":4,"minecraft:stone_bricks":1,"minecraft:mossy_stone_bricks":1},"minecraft:killed_by":{"minecraft:creeper":34,"minecraft:drowned":1,"alexsmobs:crocodile":1,"minecraft:cave_spider":7,"minecraft:witch":1,"minecraft:zombie":34,"alexsmobs:grizzly_bear":1,"minecraft:pig":1,"minecraft:player":36,"alexsmobs:rocky_roller":1,"minecraft:spider":3,"minecraft:enderman":1,"alexsmobs:bison":2,"minecraft:skeleton":1},"minecraft:picked_up":{"minecraft:iron_chestplate":3,"minecraft:wheat":17,"cgm:basic_bullet":1519,"minecraft:flower_pot":1,"minecraft:lead":2,"minecraft:diamond_sword":9,"minecraft:oak_stairs":1,"minecraft:enchanted_book":8,"minecraft:potion":59,"camera:camera":2,"minecraft:brewing_stand":4,"minecraft:music_disc_cat":1,"minecraft:string":183,"minecraft:raw_copper":25,"minecraft:smooth_stone_slab":7,"minecraft:iron_leggings":3,"spartanweaponry:bolt":114,"minecraft:zombie_head":5,"minecraft:smooth_stone":8,"minecraft:cobbled_deepslate":218,"minecraft:cobblestone_slab":3,"minecraft:calcite":12,"minecraft:iron_pickaxe":6,"cgm:advanced_bullet":932,"minecraft:iron_boots":3,"minecraft:furnace":11,"minecraft:blue_wool":3,"spartanweaponry:stone_glaive":3,"minecraft:stick":107,"minecraft:composter":1,"minecraft:oak_fence":2,"minecraft:torch":143,"minecraft:snow_block":32,"minecraft:porkchop":24,"minecraft:pointed_dripstone":152,"minecraft:diorite":65,"minecraft:golden_chestplate":2,"alexsmobs:centipede_leg":1,"cgm:medium_scope":1,"minecraft:rotten_flesh":643,"minecraft:cyan_terracotta":5,"minecraft:white_terracotta":2,"minecraft:snowball":438,"minecraft:cobblestone":1254,"minecraft:blaze_powder":1,"minecraft:birch_log":17,"minecraft:cooked_beef":21,"minecraft:feather":9,"minecraft:lilac":1,"spartanweaponry:handle":3,"minecraft:andesite":68,"spartanshields:iron_basic_shield":1,"minecraft:potato":468,"alexsmobs:bear_fur":1,"alexsmobs:bison_fur":29,"minecraft:flint":8,"minecraft:tuff":3,"minecraft:lapis_lazuli":105,"minecraft:dirt":2604,"minecraft:lantern":2,"cgm:grenade":14,"minecraft:glass":61,"minecraft:bone":17,"minecraft:bow":7,"minecraft:wheat_seeds":100,"minecraft:green_candle":5,"minecraft:raw_gold":25,"minecraft:mossy_stone_bricks":1,"camera:image":43,"minecraft:oak_planks":270,"minecraft:cooked_porkchop":36,"minecraft:music_disc_13":2,"cgm:rifle":6,"minecraft:poisonous_potato":2,"alexsmobs:crocodile_egg":3,"minecraft:sand":308,"cold_sweat:waterskin":1,"sophisticatedbackpacks:iron_backpack":14,"minecraft:mossy_cobblestone":7,"cgm:pistol":1,"minecraft:polished_andesite":11,"minecraft:diamond":4,"minecraft:granite":106,"spartanweaponry:iron_heavy_crossbow":4,"minecraft:grass":1,"minecraft:bone_meal":15,"minecraft:golden_apple":2,"minecraft:bread":20,"minecraft:emerald":11,"minecraft:oak_sapling":111,"minecraft:netherrack":8,"minecraft:oak_leaves":732,"minecraft:charcoal":10,"minecraft:fishing_rod":3,"sophisticatedbackpacks:gold_backpack":5,"cold_sweat:boiler":2,"minecraft:coarse_dirt":9,"minecraft:crafting_table":9,"minecraft:azure_bluet":1,"minecraft:splash_potion":1,"minecraft:chicken":7,"minecraft:leather_leggings":4,"minecraft:gold_block":1,"minecraft:shield":1,"minecraft:cornflower":1,"minecraft:oak_trapdoor":7,"camera:image_frame":31,"minecraft:flint_and_steel":1,"cgm:shotgun":1,"cold_sweat:thermometer":1,"minecraft:iron_shovel":1,"cold_sweat:icebox":3,"minecraft:cracked_stone_bricks":3,"another_furniture:black_sofa":3,"minecraft:cartography_table":1,"minecraft:candle":6,"cgm:mini_gun":7,"minecraft:beef":239,"spartanweaponry:dynamite":1,"minecraft:oak_boat":5,"minecraft:player_head":5,"minecraft:iron_nugget":5,"minecraft:poppy":4,"minecraft:minecart":1,"minecraft:sugar_cane":322,"minecraft:chest":3,"minecraft:egg":3,"minecraft:raw_iron":132,"minecraft:oak_door":2,"minecraft:copper_ingot":22,"minecraft:music_disc_mellohi":1,"sophisticatedbackpacks:backpack":7,"minecraft:carrot":9,"minecraft:redstone":29,"minecraft:iron_horse_armor":1,"alexsmobs:crocodile_scute":6,"minecraft:tnt":2,"minecraft:arrow":25,"another_furniture:blue_lamp":7,"minecraft:beetroot_seeds":5,"another_furniture:oak_drawer":4,"minecraft:shears":1,"minecraft:hay_block":10,"sophisticatedbackpacks:copper_backpack":10,"minecraft:mutton":7,"minecraft:white_wool":27,"minecraft:oxeye_daisy":1,"minecraft:stripped_oak_log":5,"minecraft:glow_ink_sac":8,"minecraft:salmon":1,"minecraft:leather":41,"spartanweaponry:iron_longsword":1,"another_furniture:oak_bench":3,"minecraft:birch_planks":14,"minecraft:oak_log":856,"minecraft:chainmail_chestplate":2,"minecraft:gunpowder":200,"minecraft:cobblestone_stairs":1,"minecraft:wooden_hoe":1,"minecraft:blue_bed":1,"minecraft:paper":3,"minecraft:white_banner":4,"minecraft:apple":25,"minecraft:stone_bricks":1,"minecraft:kelp":205,"minecraft:iron_ingot":61,"minecraft:stone_pickaxe":7,"minecraft:cooked_chicken":1,"minecraft:cobweb":2,"cold_sweat:sewing_table":1,"spartanshields:wooden_basic_shield":1,"minecraft:glass_bottle":68,"minecraft:soul_sand":21,"minecraft:iron_sword":4,"minecraft:oak_slab":20,"minecraft:polished_andesite_stairs":3,"minecraft:smooth_basalt":2,"minecraft:pumpkin":1,"minecraft:sweet_berries":14,"minecraft:dandelion":2,"minecraft:dripstone_block":97,"minecraft:gravel":23,"minecraft:amethyst_shard":16,"minecraft:blast_furnace":2,"minecraft:white_bed":7,"minecraft:spider_eye":29,"minecraft:leather_helmet":1,"alexsmobs:raw_catfish":15,"minecraft:diamond_shovel":3,"minecraft:pumpkin_seeds":2,"minecraft:stone_axe":2,"minecraft:diamond_axe":3,"minecraft:mossy_cobblestone_stairs":1,"minecraft:gray_wool":2,"minecraft:black_wool":6,"minecraft:coal":51,"cold_sweat:filled_waterskin":6},"minecraft:broken":{"minecraft:shears":2,"minecraft:iron_boots":2,"minecraft:iron_leggings":2,"minecraft:stone_pickaxe":2,"minecraft:diamond_shovel":1,"minecraft:stone_axe":1,"minecraft:golden_chestplate":2,"minecraft:iron_pickaxe":4,"minecraft:iron_helmet":2},"minecraft:crafted":{"minecraft:oak_planks":2538,"minecraft:cobblestone_slab":30,"minecraft:cooked_chicken":6,"spartanshields:wooden_tower_shield":3,"minecraft:stone":4,"cold_sweat:icebox":8,"minecraft:cooked_mutton":1,"spartanweaponry:bolt":12,"minecraft:glass":180,"minecraft:bow":8,"minecraft:iron_boots":3,"minecraft:chest":4,"alexsmobs:cooked_catfish":11,"minecraft:rail":64,"spartanweaponry:dynamite":28,"minecraft:smoker":1,"minecraft:oak_slab":18,"minecraft:wooden_shovel":2,"spartanshields:diamond_tower_shield":1,"minecraft:emerald":23,"minecraft:cooked_porkchop":19,"minecraft:crafting_table":23,"minecraft:wooden_pickaxe":1,"spartanshields:iron_tower_shield":2,"minecraft:iron_helmet":2,"minecraft:copper_ingot":189,"cgm:rifle":1,"minecraft:birch_planks":68,"minecraft:iron_chestplate":2,"minecraft:wooden_hoe":1,"minecraft:paper":72,"minecraft:charcoal":7,"camera:camera":1,"sophisticatedbackpacks:diamond_backpack":1,"minecraft:stick":774,"minecraft:iron_ingot":144,"minecraft:iron_pickaxe":4,"minecraft:stone_sword":1,"minecraft:snow_block":24,"minecraft:gold_ingot":19,"minecraft:shears":3,"minecraft:oak_door":6,"minecraft:stone_shovel":1,"spartanweaponry:stone_glaive":1,"minecraft:fishing_rod":1,"minecraft:tripwire_hook":2,"minecraft:iron_nugget":100,"cgm:mini_gun":1,"minecraft:furnace":15,"minecraft:stone_button":1,"spartanweaponry:explosive_charge":28,"minecraft:bone_meal":48,"minecraft:oak_trapdoor":6,"cgm:shotgun":1,"minecraft:lantern":5,"minecraft:stone_pickaxe":4,"another_furniture:blue_lamp":6,"minecraft:minecart":1,"minecraft:cooked_beef":77,"minecraft:red_dye":3,"spartanweaponry:pole":1,"minecraft:iron_sword":2,"spartanweaponry:handle":1,"minecraft:blue_bed":1,"sophisticatedbackpacks:gold_backpack":1,"minecraft:stone_axe":1,"minecraft:bread":2,"minecraft:air":0,"minecraft:blue_dye":9,"minecraft:oak_fence_gate":1,"minecraft:oak_boat":2,"minecraft:potion":172,"spartanweaponry:wooden_longbow":3,"minecraft:blue_wool":7,"minecraft:iron_leggings":2,"minecraft:white_bed":2,"camera:image_frame":4,"spartanweaponry:iron_heavy_crossbow":1,"minecraft:torch":176},"minecraft:killed":{"minecraft:cave_spider":44,"minecraft:witch":3,"minecraft:spider":39,"minecraft:skeleton":18,"minecraft:chicken":8,"alexsmobs:centipede_head":1,"minecraft:pig":9,"alexsmobs:grizzly_bear":1,"minecraft:zombie_villager":6,"minecraft:salmon":3,"man:managgresive":1,"minecraft:iron_golem":3,"minecraft:creeper":134,"minecraft:sheep":5,"minecraft:pillager":2,"minecraft:donkey":2,"minecraft:zombie":507,"alexsmobs:terrapin":1,"minecraft:cow":9,"alexsmobs:raccoon":6,"alexsmobs:tasmanian_devil":1,"minecraft:horse":14,"alexsmobs:soul_vulture":1,"alexsmobs:bison":32,"minecraft:drowned":5,"minecraft:bat":2,"alexsmobs:catfish":11,"alexsmobs:crocodile":5,"alexsmobs:crow":1},"minecraft:dropped":{"spartanweaponry:dynamite":13,"sophisticatedbackpacks:iron_backpack":1,"minecraft:iron_sword":2,"minecraft:porkchop":5,"minecraft:diamond_axe":2,"minecraft:lapis_lazuli":13,"minecraft:cooked_beef":36,"minecraft:oak_log":391,"minecraft:glow_ink_sac":5,"minecraft:glass_bottle":35,"minecraft:crafting_table":3,"minecraft:cooked_porkchop":18,"minecraft:leather":2,"minecraft:iron_horse_armor":1,"minecraft:cracked_stone_bricks":3,"minecraft:rail":64,"minecraft:cobblestone_stairs":1,"sophisticatedbackpacks:gold_backpack":2,"spartanshields:wooden_basic_shield":1,"minecraft:flint":7,"minecraft:cyan_terracotta":2,"minecraft:dirt":707,"minecraft:grass":1,"minecraft:cornflower":1,"minecraft:snowball":186,"minecraft:bone_meal":30,"minecraft:sand":215,"minecraft:fishing_rod":2,"minecraft:white_wool":1,"minecraft:bone":15,"minecraft:oak_door":1,"minecraft:gravel":14,"alexsmobs:centipede_leg":1,"minecraft:stone_axe":2,"cgm:pistol":3,"minecraft:sugar_cane":99,"cold_sweat:waterskin":1,"spartanweaponry:iron_heavy_crossbow":2,"minecraft:iron_nugget":4,"cgm:shotgun":1,"alexsmobs:animal_dictionary":1,"minecraft:cobbled_deepslate":2,"minecraft:blue_wool":4,"minecraft:pointed_dripstone":126,"camera:image":21,"minecraft:rotten_flesh":435,"minecraft:oak_planks":1215,"minecraft:diamond_shovel":2,"minecraft:azure_bluet":1,"minecraft:carrot":1,"minecraft:chainmail_chestplate":3,"minecraft:poppy":1,"minecraft:gunpowder":61,"cgm:basic_bullet":15,"minecraft:charcoal":3,"minecraft:beetroot_seeds":5,"minecraft:melon_seeds":3,"minecraft:leather_leggings":4,"camera:camera":1,"minecraft:arrow":12,"cgm:heavy_rifle":1,"minecraft:glass":63,"minecraft:oak_leaves":698,"spartanweaponry:copper_boomerang":1,"minecraft:enchanted_book":1,"minecraft:iron_ingot":20,"minecraft:oak_slab":12,"minecraft:wheat_seeds":54,"spartanweaponry:iron_boomerang":2,"cgm:grenade":2,"minecraft:mossy_cobblestone":4,"minecraft:golden_horse_armor":1,"minecraft:minecart":1,"spartanweaponry:stone_glaive":1,"minecraft:dripstone_block":29,"minecraft:oak_fence":2,"minecraft:feather":5,"cgm:mini_gun":2,"minecraft:cobblestone":87,"minecraft:granite":84,"minecraft:copper_ingot":54,"minecraft:coal":1,"minecraft:golden_apple":1,"minecraft:polished_andesite":5,"minecraft:stick":10,"minecraft:oxeye_daisy":1,"minecraft:diorite":5,"minecraft:torch":101,"minecraft:zombie_head":1,"minecraft:potion":55,"minecraft:iron_leggings":3,"minecraft:pumpkin":1,"minecraft:mossy_cobblestone_stairs":1,"minecraft:smooth_stone":1,"minecraft:iron_shovel":1,"minecraft:paper":1,"minecraft:string":19,"minecraft:tripwire_hook":1,"cold_sweat:thermometer":1,"minecraft:dandelion":5,"minecraft:redstone":1,"minecraft:smooth_basalt":2,"cgm:rifle":3,"minecraft:furnace":2,"minecraft:sweet_berries":3,"minecraft:oak_trapdoor":6,"minecraft:player_head":3,"minecraft:coarse_dirt":4,"minecraft:stone_sword":1,"minecraft:raw_copper":19,"minecraft:smooth_stone_slab":4,"camera:image_frame":5,"minecraft:stone_shovel":1,"cold_sweat:filled_waterskin":1,"minecraft:chicken":2,"minecraft:light_gray_wool":1,"minecraft:iron_boots":2,"sophisticatedbackpacks:backpack":1,"minecraft:white_terracotta":2,"minecraft:shears":1,"minecraft:flint_and_steel":1,"minecraft:diamond_sword":5,"minecraft:cobblestone_slab":6,"minecraft:potato":105,"minecraft:stone":2,"minecraft:shield":1,"minecraft:flower_pot":1,"minecraft:iron_chestplate":3,"minecraft:andesite":19,"minecraft:oak_boat":1,"spartanshields:copper_tower_shield":2,"minecraft:oak_sapling":68,"minecraft:spider_eye":24,"sophisticatedbackpacks:copper_backpack":1,"minecraft:bow":7,"minecraft:stone_pickaxe":4,"minecraft:wooden_pickaxe":1,"minecraft:calcite":6,"minecraft:black_wool":6}},"DataVersion":2975}