{"stats":{"minecraft:dropped":{"minecraft:diamond_axe":1,"minecraft:cooked_beef":6,"minecraft:oak_log":1,"minecraft:glass_bottle":12,"minecraft:cooked_porkchop":33,"minecraft:leather":1,"alexsmobs:bison_fur":9,"minecraft:birch_slab":1,"sophisticatedbackpacks:gold_backpack":2,"minecraft:flint":3,"minecraft:dirt":182,"minecraft:mutton":2,"minecraft:snowball":16,"minecraft:wooden_sword":1,"minecraft:sand":1,"minecraft:iron_pickaxe":1,"minecraft:white_wool":13,"minecraft:gravel":23,"minecraft:stone_axe":2,"cgm:pistol":4,"minecraft:sugar_cane":28,"spartanweaponry:iron_heavy_crossbow":1,"minecraft:iron_nugget":13,"minecraft:cobbled_deepslate":26,"minecraft:pointed_dripstone":4,"camera:image":11,"minecraft:rotten_flesh":83,"minecraft:oak_planks":27,"minecraft:gunpowder":43,"cgm:basic_bullet":937,"minecraft:chest":2,"minecraft:ladder":1,"camera:camera":1,"minecraft:arrow":1,"cgm:heavy_rifle":1,"minecraft:oak_leaves":19,"minecraft:water_bucket":1,"minecraft:iron_ingot":43,"minecraft:wheat_seeds":9,"minecraft:deepslate_redstone_ore":2,"spartanweaponry:iron_boomerang":1,"minecraft:mossy_cobblestone":5,"minecraft:minecart":1,"spartanweaponry:stone_glaive":1,"minecraft:dripstone_block":9,"cgm:mini_gun":1,"minecraft:oak_fence":3,"minecraft:feather":3,"minecraft:cobblestone":250,"minecraft:apple":2,"minecraft:granite":6,"minecraft:copper_ingot":14,"minecraft:coal":1,"minecraft:stick":12,"minecraft:diorite":71,"minecraft:torch":5,"spartanweaponry:iron_greatsword":1,"minecraft:potion":39,"minecraft:mossy_cobblestone_stairs":2,"minecraft:iron_shovel":1,"minecraft:paper":1,"minecraft:string":28,"cold_sweat:thermometer":2,"minecraft:bucket":1,"minecraft:dandelion":2,"minecraft:redstone":19,"cgm:rifle":7,"minecraft:furnace":1,"cgm:advanced_bullet":334,"alexsmobs:maggot":3,"minecraft:oak_trapdoor":2,"minecraft:player_head":1,"minecraft:stone_sword":1,"minecraft:raw_copper":5,"spartanweaponry:iron_scythe":1,"camera:image_frame":4,"minecraft:raw_iron":2,"cold_sweat:filled_waterskin":2,"minecraft:chicken":2,"minecraft:light_gray_wool":2,"minecraft:pumpkin_seeds":3,"minecraft:diamond_sword":1,"minecraft:andesite":37,"spartanshields:copper_tower_shield":2,"minecraft:oak_sapling":5,"minecraft:spider_eye":4,"minecraft:stone_bricks":1,"sophisticatedbackpacks:copper_backpack":1,"minecraft:stone_pickaxe":2},"minecraft:used":{"cold_sweat:smokestack":1,"minecraft:oak_sign":4,"minecraft:chest":3,"minecraft:iron_sword":14,"minecraft:stone":4,"minecraft:zombie_spawn_egg":35,"minecraft:farmland":1,"minecraft:rotten_flesh":10,"minecraft:iron_chestplate":2,"minecraft:carrot":2,"minecraft:tuff":1,"minecraft:snowball":2,"minecraft:obsidian":10,"minecraft:lava_bucket":3,"cgm:shotgun":4,"minecraft:grass_block":145,"minecraft:iron_helmet":1,"minecraft:stone_bricks":17,"minecraft:redstone_lamp":1,"minecraft:oak_sapling":14,"minecraft:furnace":6,"minecraft:egg":4,"minecraft:potato":2,"cgm:heavy_rifle":5,"minecraft:leather_leggings":1,"minecraft:damaged_anvil":1,"minecraft:oak_planks":262,"minecraft:stone_pickaxe":598,"minecraft:ender_pearl":1,"minecraft:wooden_pickaxe":17,"minecraft:sugar_cane":9,"spartanweaponry:iron_boomerang":7,"minecraft:white_wool":22,"minecraft:blast_furnace":1,"minecraft:deepslate_redstone_ore":6,"minecraft:blue_ice":9,"minecraft:dripstone_block":4,"minecraft:lightning_rod":1,"minecraft:creeper_spawn_egg":5,"sophisticatedbackpacks:backpack":1,"minecraft:birch_slab":7,"minecraft:zombie_head":2,"minecraft:deepslate_iron_ore":13,"cold_sweat:sewing_table":2,"cold_sweat:thermolith":4,"minecraft:andesite":4,"sereneseasons:season_sensor":2,"cgm:mini_gun":94,"minecraft:oak_fence":6,"minecraft:oak_trapdoor":5,"camera:image_frame":11,"sophisticatedbackpacks:iron_backpack":1,"minecraft:stone_sword":10,"minecraft:flint_and_steel":32,"minecraft:stone_hoe":86,"minecraft:cooked_chicken":1,"minecraft:netherrack":9,"minecraft:torch":225,"minecraft:dirt":344,"another_furniture:oak_bench":2,"cgm:rifle":934,"minecraft:granite":3,"cold_sweat:hearth":4,"minecraft:iron_axe":99,"cold_sweat:icebox":6,"minecraft:iron_boots":1,"spartanweaponry:diamond_glaive":67,"minecraft:cooked_beef":82,"minecraft:cobbled_deepslate":1,"minecraft:iron_leggings":1,"minecraft:pointed_dripstone":2,"minecraft:cooked_mutton":17,"minecraft:water_bucket":72,"cgm:pistol":415,"minecraft:glass_bottle":166,"minecraft:gold_ore":2,"spartanweaponry:dynamite":4,"minecraft:rail":3,"another_furniture:oak_table":4,"minecraft:tnt":54,"minecraft:oak_slab":4,"minecraft:crafting_table":7,"minecraft:white_bed":7,"spartanweaponry:iron_battleaxe":1,"minecraft:command_block":1,"minecraft:iron_pickaxe":286,"cgm:grenade":3,"minecraft:leather_helmet":1,"spartanshields:copper_tower_shield":80,"cold_sweat:boiler":6,"minecraft:spruce_sapling":1,"minecraft:stone_axe":22,"minecraft:cobblestone":333,"minecraft:potion":185,"minecraft:porkchop":2,"minecraft:cooked_porkchop":6,"minecraft:bucket":76},"minecraft:picked_up":{"minecraft:iron_chestplate":1,"minecraft:potion":48,"minecraft:enchanted_book":2,"minecraft:string":32,"minecraft:raw_copper":446,"minecraft:zombie_head":1,"minecraft:cobbled_deepslate":79,"cgm:advanced_bullet":359,"minecraft:furnace":1,"minecraft:iron_boots":1,"spartanweaponry:stone_glaive":1,"minecraft:stick":6,"minecraft:oak_fence":2,"minecraft:torch":159,"minecraft:snow_block":32,"minecraft:porkchop":12,"minecraft:pointed_dripstone":29,"minecraft:diorite":25,"alexsmobs:centipede_leg":1,"minecraft:stone_sword":2,"minecraft:rotten_flesh":176,"minecraft:snowball":17,"minecraft:cobblestone":744,"minecraft:feather":5,"minecraft:birch_slab":1,"minecraft:andesite":39,"spartanweaponry:iron_battleaxe":1,"minecraft:potato":2,"alexsmobs:bison_fur":15,"minecraft:flint":4,"minecraft:tuff":1,"minecraft:lapis_lazuli":46,"minecraft:dirt":389,"cgm:grenade":6,"minecraft:glass":30,"minecraft:wheat_seeds":8,"minecraft:raw_gold":15,"camera:image":21,"minecraft:oak_planks":206,"minecraft:cooked_porkchop":35,"cgm:rifle":6,"alexsmobs:crocodile_egg":1,"minecraft:sand":1,"sophisticatedbackpacks:iron_backpack":1,"alexsmobs:animal_dictionary":1,"cgm:pistol":3,"minecraft:diamond":9,"minecraft:granite":56,"spartanweaponry:iron_heavy_crossbow":1,"minecraft:bread":9,"alexsmobs:maggot":3,"minecraft:oak_sapling":19,"minecraft:netherrack":1,"minecraft:oak_leaves":4,"cold_sweat:boiler":2,"minecraft:crafting_table":5,"minecraft:chicken":4,"minecraft:wooden_pickaxe":1,"cold_sweat:hearth":1,"minecraft:oak_trapdoor":1,"minecraft:iron_axe":3,"camera:image_frame":14,"cold_sweat:thermometer":2,"cold_sweat:icebox":5,"minecraft:beef":87,"minecraft:light_gray_wool":1,"minecraft:minecart":1,"minecraft:sugar_cane":101,"minecraft:egg":2,"minecraft:raw_iron":138,"minecraft:stone":1,"minecraft:copper_ingot":23,"sophisticatedbackpacks:backpack":2,"minecraft:carrot":2,"minecraft:redstone":63,"minecraft:tnt":2,"minecraft:beetroot_seeds":3,"sophisticatedbackpacks:copper_backpack":1,"minecraft:mutton":34,"minecraft:rail":3,"minecraft:white_wool":33,"minecraft:air":0,"minecraft:salmon":1,"minecraft:leather":6,"minecraft:oak_log":123,"minecraft:chainmail_chestplate":2,"minecraft:golden_boots":1,"minecraft:yellow_bed":1,"minecraft:gunpowder":57,"minecraft:cooked_mutton":7,"minecraft:iron_ingot":10,"minecraft:cooked_chicken":1,"minecraft:cobweb":11,"cold_sweat:sewing_table":1,"minecraft:glass_bottle":14,"minecraft:iron_sword":1,"minecraft:oak_slab":6,"minecraft:dandelion":2,"minecraft:dripstone_block":30,"minecraft:gravel":65,"minecraft:spruce_sapling":1,"minecraft:white_bed":4,"minecraft:spider_eye":4,"minecraft:stone_axe":1,"minecraft:chainmail_leggings":1,"minecraft:iron_helmet":3,"minecraft:gray_wool":1,"minecraft:damaged_anvil":1,"minecraft:black_wool":1,"minecraft:coal":38,"cold_sweat:filled_waterskin":2,"minecraft:ender_pearl":1},"minecraft:broken":{"minecraft:golden_boots":1,"spartanshields:copper_tower_shield":1,"minecraft:iron_boots":2,"minecraft:iron_chestplate":2,"minecraft:iron_leggings":1,"minecraft:stone_pickaxe":4,"minecraft:chainmail_chestplate":1,"minecraft:stone_axe":1,"minecraft:leather_helmet":1,"spartanweaponry:iron_battleaxe":1,"minecraft:iron_pickaxe":1,"minecraft:iron_helmet":1},"minecraft:mined":{"minecraft:white_bed":2,"minecraft:oak_sapling":2,"minecraft:farmland":1,"minecraft:granite":54,"minecraft:grass_block":7,"sophisticatedbackpacks:iron_backpack":1,"minecraft:iron_ore":93,"minecraft:fire":3,"minecraft:deepslate_redstone_ore":11,"minecraft:torch":22,"cold_sweat:boiler":4,"minecraft:cobblestone":9,"cold_sweat:icebox":4,"minecraft:sugar_cane":50,"minecraft:oak_planks":9,"minecraft:damaged_anvil":1,"minecraft:wall_torch":13,"minecraft:birch_log":1,"minecraft:blue_ice":1,"minecraft:tnt":1,"minecraft:grass":39,"minecraft:oak_log":107,"minecraft:dirt":24,"minecraft:zombie_wall_head":1,"minecraft:netherrack":1,"minecraft:oak_leaves":74,"minecraft:deepslate":48,"minecraft:diamond_ore":1,"minecraft:tuff":3,"minecraft:deepslate_diamond_ore":6,"minecraft:birch_slab":2,"minecraft:spruce_leaves":1,"minecraft:furnace":1,"cold_sweat:hearth_bottom":1,"minecraft:andesite":37,"minecraft:deepslate_iron_ore":23,"minecraft:stone":396,"sophisticatedbackpacks:backpack":1,"minecraft:white_wool":8,"minecraft:oak_slab":4,"minecraft:oak_fence":1,"minecraft:crafting_table":3,"minecraft:tall_grass":9,"minecraft:copper_ore":119,"minecraft:lapis_ore":8,"minecraft:deepslate_gold_ore":9,"minecraft:diorite":20,"minecraft:birch_leaves":4,"minecraft:yellow_bed":1,"minecraft:coal_ore":27,"minecraft:gravel":26,"minecraft:dripstone_block":5,"minecraft:gold_ore":6},"minecraft:killed":{"minecraft:cave_spider":34,"minecraft:spider":13,"minecraft:chicken":3,"minecraft:pig":5,"minecraft:zombie_villager":3,"minecraft:creeper":63,"minecraft:sheep":21,"minecraft:zombie":150,"alexsmobs:fly":2,"minecraft:cow":8,"alexsmobs:raccoon":1,"alexsmobs:bison":12,"minecraft:drowned":2,"minecraft:villager":2,"minecraft:enderman":1},"minecraft:custom":{"minecraft:interact_with_crafting_table":72,"minecraft:open_barrel":1,"minecraft:leave_game":135,"minecraft:time_since_death":2782,"minecraft:sprint_one_cm":1275095,"minecraft:damage_blocked_by_shield":5272,"minecraft:drop":339,"minecraft:talked_to_villager":7,"minecraft:play_time":1002679,"minecraft:deaths":119,"minecraft:jump":5057,"minecraft:interact_with_brewingstand":1,"minecraft:walk_on_water_one_cm":125991,"minecraft:interact_with_furnace":203,"minecraft:sleep_in_bed":32,"minecraft:damage_dealt":8003,"minecraft:player_kills":138,"minecraft:crouch_one_cm":181978,"minecraft:interact_with_smoker":8,"minecraft:mob_kills":338,"minecraft:interact_with_anvil":4,"minecraft:damage_dealt_resisted":106,"minecraft:climb_one_cm":2112,"minecraft:walk_one_cm":2430177,"minecraft:damage_dealt_absorbed":258,"minecraft:sneak_time":67208,"minecraft:walk_under_water_one_cm":1040773,"minecraft:interact_with_blast_furnace":12,"minecraft:total_world_time":1002679,"spartanshields:shield_bash_hits":32,"minecraft:time_since_rest":2811,"minecraft:damage_taken":56825,"minecraft:swim_one_cm":33764,"minecraft:fly_one_cm":2388552,"minecraft:open_chest":174,"minecraft:fall_one_cm":361529},"minecraft:killed_by":{"minecraft:zombie_villager":1,"minecraft:creeper":9,"minecraft:zombie":9,"minecraft:player":74,"alexsmobs:rocky_roller":1},"minecraft:crafted":{"minecraft:oak_planks":260,"minecraft:cobblestone_slab":6,"minecraft:lightning_rod":1,"minecraft:stone":1,"cold_sweat:icebox":1,"minecraft:nether_brick":23,"minecraft:cooked_mutton":30,"minecraft:glass":9,"minecraft:chest":1,"cold_sweat:sewing_table":1,"minecraft:copper_block":2,"minecraft:water_bucket":4,"minecraft:stone_hoe":1,"spartanweaponry:diamond_glaive":1,"minecraft:glass_bottle":9,"minecraft:cooked_porkchop":4,"minecraft:crafting_table":3,"minecraft:wooden_pickaxe":1,"minecraft:copper_ingot":39,"cold_sweat:hearth":1,"minecraft:stick":20,"minecraft:iron_ingot":76,"minecraft:leather_chestplate":1,"minecraft:iron_pickaxe":2,"minecraft:stone_sword":1,"minecraft:gold_ingot":9,"cold_sweat:smokestack":1,"minecraft:leather_leggings":1,"minecraft:leather_boots":2,"minecraft:iron_nugget":9,"minecraft:stone_button":1,"minecraft:furnace":3,"minecraft:stone_pickaxe":6,"minecraft:cooked_beef":94,"spartanweaponry:pole":1,"minecraft:nether_bricks":5,"sophisticatedbackpacks:gold_backpack":1,"minecraft:leather_helmet":2,"cold_sweat:boiler":1,"minecraft:stone_axe":1,"minecraft:air":0,"cold_sweat:thermometer":1,"minecraft:potion":145,"spartanweaponry:wooden_arrow":4}},"DataVersion":2975}