{"stats":{"minecraft:killed":{"minecraft:cave_spider":34,"minecraft:spider":13,"minecraft:chicken":3,"minecraft:pig":5,"minecraft:zombie_villager":3,"minecraft:creeper":63,"minecraft:sheep":21,"minecraft:zombie":154,"alexsmobs:fly":2,"minecraft:cow":8,"alexsmobs:raccoon":1,"alexsmobs:bison":12,"minecraft:drowned":2,"minecraft:villager":3,"minecraft:enderman":1},"minecraft:used":{"cold_sweat:smokestack":1,"minecraft:oak_sign":4,"minecraft:chest":6,"minecraft:iron_sword":14,"minecraft:stone":4,"minecraft:zombie_spawn_egg":35,"minecraft:farmland":1,"minecraft:rotten_flesh":10,"minecraft:iron_chestplate":2,"minecraft:carrot":2,"minecraft:tuff":1,"minecraft:obsidian":10,"minecraft:snowball":2,"minecraft:lava_bucket":3,"minecraft:grass_block":146,"cgm:shotgun":13,"minecraft:iron_helmet":1,"minecraft:stone_bricks":17,"minecraft:redstone_lamp":1,"spartanshields:iron_basic_shield":4,"minecraft:oak_sapling":14,"minecraft:furnace":6,"minecraft:egg":4,"minecraft:potato":2,"cgm:heavy_rifle":5,"minecraft:leather_leggings":1,"minecraft:damaged_anvil":1,"minecraft:oak_planks":482,"minecraft:stone_pickaxe":598,"minecraft:ender_pearl":1,"minecraft:wooden_pickaxe":17,"minecraft:sugar_cane":9,"spartanweaponry:iron_boomerang":7,"minecraft:oak_leaves":2,"minecraft:white_wool":22,"minecraft:blast_furnace":1,"minecraft:deepslate_redstone_ore":44,"minecraft:blue_ice":9,"minecraft:dripstone_block":4,"minecraft:lightning_rod":1,"minecraft:creeper_spawn_egg":5,"sophisticatedbackpacks:backpack":1,"minecraft:birch_slab":7,"minecraft:zombie_head":2,"minecraft:deepslate_iron_ore":13,"cold_sweat:sewing_table":2,"cold_sweat:thermolith":4,"minecraft:andesite":4,"sereneseasons:season_sensor":2,"cgm:mini_gun":94,"minecraft:oak_fence":14,"minecraft:oak_trapdoor":7,"camera:image_frame":16,"sophisticatedbackpacks:iron_backpack":1,"minecraft:stone_sword":10,"minecraft:flint_and_steel":32,"minecraft:stone_hoe":86,"minecraft:cooked_chicken":1,"minecraft:netherrack":9,"minecraft:oak_door":2,"minecraft:torch":238,"minecraft:dirt":344,"another_furniture:oak_bench":2,"cgm:rifle":1018,"minecraft:granite":3,"cold_sweat:hearth":4,"minecraft:iron_axe":99,"cold_sweat:icebox":6,"minecraft:iron_boots":1,"spartanweaponry:netherite_scythe":7,"spartanweaponry:diamond_glaive":71,"minecraft:cooked_beef":86,"minecraft:cobbled_deepslate":1,"minecraft:iron_leggings":1,"minecraft:pointed_dripstone":2,"minecraft:cooked_mutton":17,"minecraft:water_bucket":74,"cgm:pistol":415,"minecraft:glass_bottle":166,"minecraft:gold_ore":2,"spartanweaponry:dynamite":4,"minecraft:rail":3,"another_furniture:oak_table":4,"minecraft:tnt":54,"minecraft:oak_slab":5,"minecraft:crafting_table":7,"minecraft:white_bed":7,"spartanweaponry:iron_battleaxe":1,"minecraft:command_block":1,"minecraft:iron_pickaxe":286,"cgm:grenade":3,"minecraft:leather_helmet":1,"spartanshields:copper_tower_shield":107,"cold_sweat:boiler":6,"minecraft:spruce_sapling":1,"minecraft:stone_axe":22,"minecraft:cobblestone":333,"minecraft:potion":192,"minecraft:porkchop":2,"minecraft:cooked_porkchop":6,"minecraft:bucket":77,"minecraft:yellow_bed":1,"minecraft:splash_potion":13},"minecraft:picked_up":{"minecraft:iron_chestplate":1,"minecraft:potion":48,"minecraft:enchanted_book":2,"minecraft:string":32,"minecraft:raw_copper":446,"minecraft:iron_leggings":1,"minecraft:zombie_head":1,"spartanweaponry:bolt":32,"minecraft:cobbled_deepslate":79,"cgm:advanced_bullet":359,"minecraft:iron_boots":1,"minecraft:furnace":1,"spartanweaponry:stone_glaive":1,"minecraft:stick":6,"minecraft:oak_fence":2,"minecraft:torch":169,"spartanweaponry:diamond_heavy_crossbow":1,"minecraft:snow_block":32,"minecraft:porkchop":12,"minecraft:pointed_dripstone":29,"minecraft:diorite":25,"alexsmobs:centipede_leg":2,"minecraft:stone_sword":2,"minecraft:rotten_flesh":176,"minecraft:snowball":17,"minecraft:cobblestone":744,"minecraft:feather":5,"minecraft:birch_slab":1,"minecraft:andesite":39,"spartanweaponry:iron_battleaxe":1,"minecraft:potato":2,"alexsmobs:bison_fur":15,"minecraft:flint":4,"minecraft:tuff":1,"minecraft:lapis_lazuli":46,"minecraft:dirt":389,"cgm:grenade":6,"minecraft:glass":30,"minecraft:wheat_seeds":8,"minecraft:raw_gold":15,"camera:image":23,"minecraft:oak_planks":206,"minecraft:cooked_porkchop":35,"cgm:rifle":6,"alexsmobs:crocodile_egg":1,"minecraft:sand":1,"sophisticatedbackpacks:iron_backpack":1,"alexsmobs:animal_dictionary":1,"cgm:shell":64,"cgm:pistol":3,"minecraft:diamond":9,"minecraft:granite":56,"spartanweaponry:iron_heavy_crossbow":1,"minecraft:emerald":1752,"minecraft:bread":9,"alexsmobs:maggot":3,"minecraft:oak_sapling":19,"minecraft:netherrack":1,"minecraft:oak_leaves":4,"sophisticatedbackpacks:gold_backpack":3,"cold_sweat:boiler":2,"minecraft:crafting_table":5,"minecraft:chicken":4,"minecraft:wooden_pickaxe":1,"cold_sweat:hearth":1,"minecraft:oak_trapdoor":1,"minecraft:iron_axe":3,"camera:image_frame":17,"cgm:shotgun":1,"cold_sweat:thermometer":2,"cold_sweat:icebox":5,"minecraft:beef":87,"minecraft:light_gray_wool":1,"minecraft:minecart":1,"minecraft:sugar_cane":101,"minecraft:egg":2,"minecraft:raw_iron":138,"minecraft:stone":1,"minecraft:copper_ingot":23,"sophisticatedbackpacks:backpack":2,"minecraft:carrot":2,"minecraft:redstone":63,"minecraft:tnt":2,"minecraft:beetroot_seeds":3,"minecraft:gold_ingot":64,"sophisticatedbackpacks:copper_backpack":1,"minecraft:mutton":34,"minecraft:rail":3,"minecraft:white_wool":33,"minecraft:air":0,"minecraft:salmon":1,"minecraft:leather":6,"minecraft:oak_log":123,"minecraft:chainmail_chestplate":2,"minecraft:golden_boots":1,"minecraft:yellow_bed":2,"minecraft:gunpowder":57,"minecraft:cooked_mutton":7,"minecraft:iron_ingot":40,"minecraft:cooked_chicken":1,"minecraft:cobweb":11,"cold_sweat:sewing_table":1,"minecraft:glass_bottle":14,"minecraft:iron_sword":1,"minecraft:oak_slab":6,"spartanweaponry:iron_scythe":1,"minecraft:dandelion":2,"minecraft:dripstone_block":30,"minecraft:gravel":73,"minecraft:spruce_sapling":1,"minecraft:white_bed":4,"minecraft:spider_eye":4,"minecraft:stone_axe":1,"minecraft:chainmail_leggings":1,"minecraft:iron_helmet":3,"minecraft:gray_wool":1,"minecraft:damaged_anvil":1,"minecraft:black_wool":1,"minecraft:coal":38,"cold_sweat:filled_waterskin":2,"minecraft:ender_pearl":1},"minecraft:broken":{"minecraft:golden_boots":1,"spartanshields:copper_tower_shield":2,"minecraft:iron_boots":2,"minecraft:iron_chestplate":2,"minecraft:iron_leggings":1,"minecraft:stone_pickaxe":4,"minecraft:chainmail_chestplate":1,"minecraft:stone_axe":1,"minecraft:leather_helmet":2,"spartanweaponry:iron_battleaxe":1,"minecraft:leather_boots":1,"minecraft:iron_pickaxe":1,"minecraft:iron_helmet":1},"minecraft:crafted":{"minecraft:oak_planks":260,"minecraft:cobblestone_slab":6,"minecraft:lightning_rod":1,"minecraft:stone":1,"cold_sweat:icebox":1,"minecraft:nether_brick":23,"minecraft:cooked_mutton":30,"spartanshields:iron_basic_shield":1,"minecraft:glass":9,"minecraft:bow":21,"minecraft:diamond_leggings":3,"minecraft:iron_boots":12,"minecraft:chest":1,"cold_sweat:sewing_table":1,"minecraft:copper_block":2,"minecraft:water_bucket":4,"minecraft:stone_hoe":1,"spartanweaponry:diamond_glaive":1,"minecraft:glass_bottle":9,"minecraft:emerald":24,"minecraft:arrow":576,"minecraft:cooked_porkchop":4,"minecraft:crafting_table":3,"minecraft:wooden_pickaxe":1,"minecraft:copper_ingot":39,"spartanweaponry:iron_longbow":1,"cold_sweat:hearth":1,"minecraft:shield":12,"minecraft:stick":24,"minecraft:iron_pickaxe":2,"minecraft:leather_chestplate":1,"minecraft:iron_ingot":76,"minecraft:stone_sword":1,"minecraft:gold_ingot":9,"spartanshields:wooden_basic_shield":1,"cold_sweat:smokestack":1,"minecraft:leather_leggings":1,"minecraft:leather_boots":2,"minecraft:iron_nugget":9,"minecraft:stone_button":1,"minecraft:furnace":3,"minecraft:stone_pickaxe":6,"minecraft:chainmail_leggings":12,"minecraft:cooked_beef":94,"minecraft:crossbow":12,"spartanweaponry:pole":1,"spartanweaponry:diamond_heavy_crossbow":1,"minecraft:nether_bricks":5,"minecraft:leather_helmet":2,"sophisticatedbackpacks:gold_backpack":1,"cold_sweat:boiler":1,"minecraft:stone_axe":1,"minecraft:air":0,"cold_sweat:thermometer":1,"minecraft:potion":145,"minecraft:flint":120,"minecraft:iron_leggings":16,"spartanweaponry:iron_heavy_crossbow":3,"spartanweaponry:wooden_arrow":4},"minecraft:killed_by":{"minecraft:zombie_villager":1,"minecraft:creeper":9,"minecraft:zombie":9,"minecraft:player":84,"alexsmobs:rocky_roller":1},"minecraft:custom":{"minecraft:interact_with_crafting_table":74,"minecraft:open_barrel":1,"minecraft:leave_game":138,"minecraft:time_since_death":516,"minecraft:sprint_one_cm":1350099,"minecraft:damage_blocked_by_shield":6338,"minecraft:drop":394,"minecraft:talked_to_villager":43,"minecraft:play_time":1063607,"minecraft:deaths":129,"minecraft:jump":5278,"minecraft:interact_with_brewingstand":1,"minecraft:walk_on_water_one_cm":128726,"minecraft:interact_with_furnace":203,"minecraft:traded_with_villager":165,"minecraft:sleep_in_bed":35,"minecraft:damage_dealt":8685,"minecraft:player_kills":159,"minecraft:crouch_one_cm":192142,"minecraft:interact_with_smoker":8,"minecraft:interact_with_anvil":4,"minecraft:mob_kills":343,"minecraft:damage_dealt_resisted":106,"minecraft:climb_one_cm":2112,"minecraft:walk_one_cm":2585838,"minecraft:damage_dealt_absorbed":258,"minecraft:sneak_time":69153,"minecraft:walk_under_water_one_cm":1091741,"minecraft:interact_with_blast_furnace":12,"minecraft:total_world_time":1063607,"spartanshields:shield_bash_hits":41,"minecraft:time_since_rest":544,"minecraft:damage_taken":60380,"minecraft:swim_one_cm":37183,"minecraft:fly_one_cm":2591778,"minecraft:open_chest":193,"minecraft:fall_one_cm":371087},"minecraft:dropped":{"minecraft:diamond_axe":1,"minecraft:cooked_beef":6,"minecraft:oak_log":1,"minecraft:glass_bottle":12,"minecraft:diamond":4,"minecraft:cooked_porkchop":63,"minecraft:leather":1,"minecraft:birch_slab":1,"alexsmobs:bison_fur":9,"minecraft:flint":3,"sophisticatedbackpacks:gold_backpack":5,"minecraft:emerald":1680,"minecraft:dirt":310,"minecraft:mutton":2,"minecraft:snowball":16,"minecraft:wooden_sword":1,"minecraft:sand":1,"minecraft:iron_pickaxe":1,"minecraft:white_wool":13,"minecraft:gold_ingot":36,"minecraft:gravel":31,"alexsmobs:centipede_leg":1,"minecraft:stone_axe":2,"cgm:pistol":4,"minecraft:sugar_cane":28,"spartanweaponry:iron_heavy_crossbow":1,"minecraft:iron_nugget":13,"minecraft:cobbled_deepslate":26,"minecraft:obsidian":4,"minecraft:pointed_dripstone":4,"camera:image":11,"minecraft:rotten_flesh":83,"minecraft:oak_planks":27,"minecraft:gunpowder":73,"cgm:basic_bullet":937,"minecraft:chest":2,"minecraft:ladder":1,"camera:camera":1,"minecraft:arrow":1,"cgm:heavy_rifle":1,"minecraft:oak_leaves":19,"minecraft:water_bucket":1,"minecraft:iron_ingot":83,"minecraft:oak_slab":1,"minecraft:wheat_seeds":9,"minecraft:deepslate_redstone_ore":2,"spartanweaponry:iron_boomerang":1,"minecraft:mossy_cobblestone":5,"minecraft:minecart":1,"spartanweaponry:stone_glaive":1,"minecraft:dripstone_block":9,"minecraft:iron_helmet":1,"minecraft:feather":3,"minecraft:oak_fence":3,"cgm:mini_gun":1,"minecraft:cobblestone":506,"minecraft:apple":2,"minecraft:granite":6,"minecraft:copper_ingot":142,"minecraft:coal":1,"minecraft:stick":12,"minecraft:diorite":71,"minecraft:torch":101,"spartanweaponry:iron_greatsword":1,"minecraft:potion":39,"minecraft:iron_leggings":2,"minecraft:mossy_cobblestone_stairs":2,"minecraft:iron_shovel":1,"minecraft:paper":1,"minecraft:string":28,"minecraft:bucket":1,"cold_sweat:thermometer":2,"minecraft:dandelion":2,"minecraft:redstone":19,"cgm:rifle":7,"minecraft:furnace":1,"cgm:advanced_bullet":334,"alexsmobs:maggot":3,"minecraft:oak_trapdoor":2,"minecraft:player_head":1,"minecraft:stone_sword":1,"minecraft:raw_copper":5,"camera:image_frame":4,"spartanweaponry:iron_scythe":2,"minecraft:raw_iron":2,"cold_sweat:filled_waterskin":2,"minecraft:chicken":2,"minecraft:light_gray_wool":2,"minecraft:iron_boots":1,"minecraft:pumpkin_seeds":3,"minecraft:diamond_sword":1,"minecraft:iron_chestplate":1,"minecraft:andesite":37,"minecraft:oak_sapling":5,"spartanshields:copper_tower_shield":2,"minecraft:spider_eye":4,"minecraft:stone_bricks":1,"sophisticatedbackpacks:copper_backpack":1,"minecraft:stone_pickaxe":2},"minecraft:mined":{"minecraft:white_bed":2,"minecraft:oak_sapling":2,"minecraft:farmland":1,"minecraft:granite":54,"minecraft:grass_block":7,"sophisticatedbackpacks:iron_backpack":1,"minecraft:iron_ore":93,"minecraft:fire":3,"minecraft:deepslate_redstone_ore":11,"minecraft:torch":22,"cold_sweat:boiler":4,"minecraft:cobblestone":9,"cold_sweat:icebox":4,"minecraft:sugar_cane":50,"minecraft:oak_planks":9,"minecraft:damaged_anvil":1,"minecraft:wall_torch":13,"minecraft:birch_log":1,"minecraft:blue_ice":1,"minecraft:tnt":1,"minecraft:grass":39,"minecraft:oak_log":107,"minecraft:dirt":24,"minecraft:zombie_wall_head":1,"minecraft:netherrack":1,"minecraft:oak_leaves":74,"minecraft:deepslate":48,"minecraft:diamond_ore":1,"minecraft:tuff":3,"minecraft:deepslate_diamond_ore":6,"minecraft:birch_slab":2,"minecraft:spruce_leaves":1,"minecraft:furnace":1,"cold_sweat:hearth_bottom":1,"minecraft:andesite":37,"minecraft:deepslate_iron_ore":23,"minecraft:stone":396,"sophisticatedbackpacks:backpack":1,"minecraft:white_wool":8,"minecraft:oak_slab":4,"minecraft:oak_fence":1,"minecraft:crafting_table":3,"minecraft:tall_grass":9,"minecraft:copper_ore":119,"minecraft:lapis_ore":8,"minecraft:deepslate_gold_ore":9,"minecraft:diorite":20,"minecraft:birch_leaves":4,"minecraft:yellow_bed":1,"minecraft:coal_ore":27,"minecraft:gravel":26,"minecraft:dripstone_block":5,"minecraft:gold_ore":6}},"DataVersion":2975}