{"stats":{"minecraft:custom":{"minecraft:interact_with_crafting_table":280,"minecraft:open_barrel":4,"minecraft:bell_ring":19,"minecraft:leave_game":100,"minecraft:time_since_death":197974,"minecraft:damage_blocked_by_shield":14200,"minecraft:play_time":2227496,"minecraft:deaths":354,"minecraft:jump":25719,"minecraft:interact_with_furnace":858,"minecraft:traded_with_villager":18,"minecraft:sleep_in_bed":100,"minecraft:damage_dealt":25830,"minecraft:interact_with_smoker":24,"minecraft:use_cauldron":1,"minecraft:interact_with_anvil":2,"minecraft:damage_dealt_absorbed":509,"minecraft:sneak_time":235795,"minecraft:interact_with_blast_furnace":18,"minecraft:total_world_time":2227496,"minecraft:time_since_rest":6605,"minecraft:swim_one_cm":349650,"minecraft:fly_one_cm":4728949,"minecraft:open_chest":1410,"minecraft:fall_one_cm":1066639,"minecraft:sprint_one_cm":4499372,"minecraft:drop":470,"minecraft:talked_to_villager":71,"minecraft:walk_on_water_one_cm":342589,"minecraft:player_kills":90,"minecraft:crouch_one_cm":586570,"minecraft:mob_kills":1098,"minecraft:fill_cauldron":6,"minecraft:interact_with_campfire":5,"minecraft:damage_dealt_resisted":195,"minecraft:climb_one_cm":10481,"minecraft:walk_one_cm":5737727,"minecraft:walk_under_water_one_cm":1441873,"minecraft:boat_one_cm":51055,"spartanshields:shield_bash_hits":10,"minecraft:damage_taken":247135,"minecraft:damage_absorbed":109},"minecraft:broken":{"minecraft:golden_boots":1,"minecraft:iron_boots":2,"minecraft:iron_chestplate":4,"minecraft:iron_leggings":3,"minecraft:leather_helmet":1,"spartanshields:iron_tower_shield":1,"minecraft:stone_hoe":1,"minecraft:wooden_pickaxe":1,"minecraft:shield":2,"minecraft:iron_axe":2,"minecraft:iron_pickaxe":4,"minecraft:iron_helmet":7,"minecraft:iron_shovel":5,"minecraft:stone_pickaxe":12,"minecraft:chainmail_chestplate":1,"minecraft:stone_axe":15,"spartanweaponry:iron_scythe":1,"minecraft:stone_shovel":1,"minecraft:diamond_axe":1},"minecraft:killed_by":{"minecraft:zombie":69,"alexsmobs:centipede_head":1,"minecraft:creeper":35,"minecraft:drowned":1,"man:managgresive":1,"alexsmobs:crocodile":2,"minecraft:player":188,"minecraft:spider":2,"minecraft:enderman":1,"minecraft:iron_golem":8,"minecraft:skeleton":1},"minecraft:dropped":{"spartanweaponry:dynamite":8,"sophisticatedbackpacks:iron_backpack":2,"minecraft:iron_sword":5,"minecraft:porkchop":1,"minecraft:cooked_beef":7,"minecraft:glass_bottle":45,"minecraft:diamond":2,"minecraft:crafting_table":1,"minecraft:cooked_porkchop":31,"minecraft:fletching_table":1,"another_furniture:black_sofa":2,"minecraft:cracked_stone_bricks":1,"minecraft:rail":1,"minecraft:leather_helmet":1,"sophisticatedbackpacks:gold_backpack":2,"minecraft:dirt":488,"minecraft:sand":12,"minecraft:iron_pickaxe":6,"minecraft:fishing_rod":1,"minecraft:white_wool":1,"minecraft:oak_door":4,"minecraft:stone_axe":2,"cgm:pistol":5,"minecraft:sugar_cane":71,"minecraft:cobbled_deepslate":69,"minecraft:wheat":8,"camera:image":19,"minecraft:rotten_flesh":184,"minecraft:oak_planks":161,"minecraft:white_bed":1,"cgm:basic_bullet":472,"minecraft:charcoal":11,"minecraft:leather_boots":1,"minecraft:ladder":1,"camera:camera":1,"minecraft:leather_leggings":1,"minecraft:glass":4,"minecraft:beef":38,"minecraft:egg":1,"minecraft:iron_ingot":64,"minecraft:enchanted_book":1,"minecraft:golden_boots":1,"minecraft:wheat_seeds":26,"spartanweaponry:iron_boomerang":2,"minecraft:dripstone_block":8,"minecraft:iron_helmet":3,"cgm:mini_gun":2,"minecraft:oak_fence":1,"minecraft:feather":6,"minecraft:cobblestone":243,"minecraft:apple":12,"minecraft:granite":61,"spartanshields:iron_basic_shield":1,"minecraft:coal":8,"alexsmobs:raw_catfish":1,"minecraft:golden_apple":1,"minecraft:polished_andesite":6,"minecraft:ink_sac":1,"minecraft:wooden_hoe":1,"minecraft:potion":26,"minecraft:oak_stairs":37,"minecraft:mossy_cobblestone_stairs":2,"minecraft:smooth_stone":10,"minecraft:iron_shovel":1,"minecraft:paper":2,"minecraft:string":3,"minecraft:snow_block":64,"minecraft:furnace":1,"minecraft:creeper_head":1,"cgm:advanced_bullet":554,"minecraft:player_head":1,"cold_sweat:icebox":1,"minecraft:smooth_stone_slab":2,"camera:image_frame":4,"minecraft:iron_boots":5,"spartanweaponry:bolt":6,"sophisticatedbackpacks:backpack":4,"minecraft:oak_sign":1,"minecraft:shears":1,"minecraft:diamond_sword":2,"minecraft:potato":479,"minecraft:cobblestone_slab":13,"minecraft:flower_pot":1,"minecraft:spider_eye":4,"sophisticatedbackpacks:copper_backpack":2,"minecraft:candle":2,"minecraft:diamond_axe":2,"minecraft:leather":70,"minecraft:iron_horse_armor":1,"alexsmobs:bison_fur":4,"minecraft:cobblestone_stairs":1,"minecraft:cyan_terracotta":5,"minecraft:mutton":4,"minecraft:snowball":25,"minecraft:gravel":3,"spartanweaponry:iron_heavy_crossbow":3,"minecraft:pointed_dripstone":8,"minecraft:diamond_shovel":2,"minecraft:cooked_mutton":16,"minecraft:carrot":1,"minecraft:chainmail_chestplate":1,"minecraft:poppy":4,"minecraft:leather_chestplate":1,"minecraft:gunpowder":15,"minecraft:arrow":2,"minecraft:bread":10,"minecraft:water_bucket":1,"minecraft:oak_slab":5,"cgm:grenade":5,"minecraft:mossy_cobblestone":14,"spartanweaponry:stone_glaive":2,"minecraft:amethyst_block":7,"minecraft:copper_ingot":64,"minecraft:stick":37,"another_furniture:oak_bench":2,"minecraft:mossy_cobblestone_slab":1,"minecraft:diorite":76,"minecraft:torch":155,"minecraft:iron_leggings":3,"minecraft:polished_andesite_stairs":5,"minecraft:iron_axe":1,"minecraft:dandelion":7,"minecraft:smooth_basalt":1,"minecraft:polished_deepslate":2,"cgm:rifle":6,"minecraft:oak_trapdoor":6,"minecraft:coarse_dirt":1,"minecraft:raw_copper":11,"minecraft:tuff":14,"spartanweaponry:iron_scythe":1,"cold_sweat:filled_waterskin":1,"minecraft:light_gray_wool":1,"minecraft:light_gray_candle":3,"spartanweaponry:enderman_head":1,"minecraft:shield":1,"minecraft:oak_button":4,"minecraft:iron_chestplate":4,"minecraft:andesite":56,"minecraft:mossy_stone_bricks":2,"minecraft:oak_sapling":1,"spartanshields:copper_tower_shield":1,"minecraft:stone_pickaxe":11,"minecraft:calcite":7},"minecraft:picked_up":{"minecraft:iron_chestplate":4,"cgm:basic_bullet":6860,"minecraft:creeper_head":5,"minecraft:flower_pot":2,"minecraft:lead":1,"minecraft:oak_stairs":110,"minecraft:golden_shovel":1,"minecraft:enchanted_book":8,"another_furniture:oak_table":6,"minecraft:brewing_stand":2,"minecraft:amethyst_block":12,"minecraft:string":192,"minecraft:gold_nugget":43,"minecraft:cobbled_deepslate":242,"cgm:advanced_bullet":5448,"minecraft:golden_helmet":4,"minecraft:composter":1,"minecraft:golden_chestplate":3,"alexsmobs:centipede_leg":1,"minecraft:cauldron":3,"minecraft:zombie_spawn_egg":1,"minecraft:cyan_terracotta":5,"minecraft:snowball":422,"minecraft:mossy_cobblestone_slab":1,"minecraft:feather":19,"minecraft:cooked_beef":39,"minecraft:brown_wool":3,"minecraft:smoker":3,"alexsmobs:bison_fur":17,"minecraft:flint":22,"minecraft:lantern":1,"spartanweaponry:iron_greatsword":2,"another_furniture:white_lamp":5,"cgm:rifle":7,"alexsmobs:crocodile_egg":3,"cold_sweat:waterskin":1,"sophisticatedbackpacks:iron_backpack":1,"minecraft:ink_sac":1,"alexsmobs:animal_dictionary":2,"cgm:pistol":9,"minecraft:polished_andesite":28,"minecraft:white_candle":12,"minecraft:granite":212,"spartanweaponry:iron_heavy_crossbow":1,"minecraft:golden_horse_armor":1,"minecraft:chainmail_helmet":3,"alexsmobs:maggot":5,"minecraft:crafting_table":18,"sophisticatedbackpacks:gold_backpack":4,"minecraft:coarse_dirt":1,"camera:image_frame":11,"cgm:shotgun":1,"minecraft:iron_shovel":2,"minecraft:cracked_stone_bricks":1,"minecraft:cartography_table":1,"minecraft:beef":198,"minecraft:poppy":10,"cgm:bazooka":1,"minecraft:minecart":15,"minecraft:chest":18,"minecraft:egg":12,"minecraft:stone":2,"minecraft:oak_door":6,"sophisticatedbackpacks:backpack":7,"minecraft:carrot":14,"minecraft:redstone":163,"minecraft:stone_shovel":4,"minecraft:beetroot_seeds":9,"spartanshields:copper_tower_shield":2,"minecraft:shears":1,"minecraft:hay_block":6,"minecraft:gold_ingot":36,"sophisticatedbackpacks:copper_backpack":3,"minecraft:mutton":79,"minecraft:white_wool":67,"minecraft:rail":189,"minecraft:oxeye_daisy":5,"minecraft:stripped_oak_log":66,"minecraft:oak_log":1958,"minecraft:golden_boots":2,"minecraft:blue_bed":1,"minecraft:paper":64,"minecraft:stone_bricks":1,"minecraft:apple":19,"minecraft:kelp":297,"minecraft:oak_fence_gate":3,"minecraft:stone_pickaxe":6,"minecraft:glass_bottle":26,"minecraft:polished_andesite_stairs":5,"minecraft:smooth_basalt":1,"minecraft:sweet_berries":2,"minecraft:gravel":89,"minecraft:spruce_log":3,"minecraft:leather_helmet":2,"minecraft:diamond_shovel":3,"minecraft:stone_axe":5,"minecraft:diamond_axe":3,"minecraft:ender_pearl":1,"minecraft:potion":81,"minecraft:raw_copper":903,"minecraft:iron_leggings":5,"minecraft:smooth_stone_slab":2,"minecraft:zombie_head":10,"minecraft:smooth_stone":10,"minecraft:bucket":1,"minecraft:cobblestone_slab":1,"minecraft:calcite":13,"alexsmobs:raccoon_tail":2,"minecraft:iron_boots":5,"minecraft:furnace":18,"minecraft:stick":128,"minecraft:oak_fence":71,"minecraft:torch":320,"minecraft:porkchop":92,"minecraft:diorite":179,"minecraft:pointed_dripstone":34,"minecraft:rotten_flesh":758,"minecraft:obsidian":7,"minecraft:cobblestone":2845,"minecraft:andesite":214,"minecraft:potato":717,"minecraft:tuff":21,"cgm:heavy_rifle":6,"minecraft:dirt":2418,"minecraft:lapis_lazuli":215,"cgm:grenade":24,"minecraft:name_tag":2,"minecraft:leather_boots":1,"minecraft:glass":2,"minecraft:bone":22,"minecraft:green_candle":1,"minecraft:wheat_seeds":86,"minecraft:raw_gold":22,"minecraft:bell":4,"spartanweaponry:enderman_head":4,"minecraft:mossy_stone_bricks":2,"minecraft:fletching_table":8,"camera:image":17,"minecraft:oak_planks":2664,"minecraft:cooked_porkchop":39,"minecraft:music_disc_13":1,"minecraft:poisonous_potato":2,"minecraft:sand":402,"minecraft:mossy_cobblestone":22,"cgm:shell":912,"minecraft:diamond":4,"minecraft:bone_meal":15,"minecraft:golden_apple":1,"minecraft:oak_sapling":200,"minecraft:netherrack":5,"minecraft:oak_leaves":633,"minecraft:fishing_rod":3,"minecraft:charcoal":3,"cold_sweat:boiler":12,"minecraft:chicken":24,"minecraft:ladder":1,"minecraft:brown_mushroom":1,"minecraft:wooden_pickaxe":2,"minecraft:shield":1,"minecraft:oak_trapdoor":1,"cold_sweat:icebox":1,"minecraft:candle":8,"spartanweaponry:dynamite":11,"minecraft:oak_boat":1,"minecraft:player_head":3,"minecraft:light_gray_wool":4,"minecraft:sugar_cane":153,"minecraft:raw_iron":248,"minecraft:copper_ingot":522,"spartanweaponry:spider_head":4,"minecraft:iron_horse_armor":1,"minecraft:arrow":18,"another_furniture:oak_drawer":13,"minecraft:skeleton_skull":4,"minecraft:air":0,"minecraft:leather":69,"another_furniture:oak_bench":7,"cgm:missile":1,"minecraft:chainmail_chestplate":3,"minecraft:cobblestone_stairs":1,"minecraft:yellow_bed":24,"minecraft:gunpowder":300,"minecraft:wooden_hoe":1,"minecraft:cooked_mutton":3,"minecraft:iron_ingot":126,"cold_sweat:sewing_table":1,"minecraft:soul_sand":58,"minecraft:oak_slab":80,"minecraft:black_candle":6,"spartanweaponry:iron_scythe":2,"minecraft:dandelion":23,"minecraft:dripstone_block":79,"minecraft:amethyst_shard":36,"minecraft:blast_furnace":1,"minecraft:white_bed":39,"minecraft:spider_eye":17,"alexsmobs:raw_catfish":3,"minecraft:light_gray_candle":13,"minecraft:chainmail_leggings":5,"minecraft:iron_helmet":7,"minecraft:mossy_cobblestone_stairs":5,"minecraft:black_wool":4,"minecraft:coal":125,"cgm:workbench":5,"cold_sweat:filled_waterskin":1,"minecraft:sunflower":2,"minecraft:wooden_axe":1},"minecraft:mined":{"minecraft:white_bed":40,"minecraft:granite":131,"minecraft:oxeye_daisy":3,"another_furniture:oak_table":5,"minecraft:spawner":9,"minecraft:tall_seagrass":6,"minecraft:mossy_cobblestone_stairs":2,"minecraft:cobbled_deepslate":8,"minecraft:fire":41,"minecraft:fletching_table":7,"minecraft:deepslate_lapis_ore":7,"minecraft:water_cauldron":3,"minecraft:dirt_path":5,"minecraft:oak_stairs":90,"minecraft:brown_mushroom":1,"minecraft:kelp_plant":24,"minecraft:player_wall_head":1,"minecraft:smoker":3,"minecraft:amethyst_cluster":8,"minecraft:torch":105,"minecraft:blast_furnace":1,"minecraft:polished_andesite_stairs":5,"minecraft:white_stained_glass_pane":2,"minecraft:creeper_wall_head":2,"minecraft:glass":4,"minecraft:white_candle":2,"cold_sweat:icebox":1,"minecraft:sugar_cane":15,"minecraft:amethyst_block":3,"minecraft:skeleton_skull":1,"another_furniture:oak_drawer":11,"minecraft:potted_poppy":3,"minecraft:grass":233,"minecraft:oak_fence_gate":3,"minecraft:zombie_wall_head":3,"minecraft:smooth_basalt":1,"minecraft:deepslate":209,"minecraft:mossy_cobblestone":14,"minecraft:cartography_table":1,"minecraft:kelp":6,"minecraft:redstone_ore":9,"minecraft:snow":120,"minecraft:andesite":194,"minecraft:potatoes":161,"minecraft:rail":124,"minecraft:green_candle":1,"minecraft:white_wool":20,"cold_sweat:sewing_table":1,"minecraft:oak_slab":75,"minecraft:glass_pane":2,"minecraft:soul_sand":28,"minecraft:dandelion":3,"minecraft:tall_grass":54,"minecraft:copper_ore":239,"minecraft:deepslate_gold_ore":22,"minecraft:diorite":126,"minecraft:coarse_dirt":1,"minecraft:creeper_head":1,"minecraft:spruce_log":4,"minecraft:birch_leaves":1,"minecraft:zombie_head":5,"minecraft:sunflower":1,"minecraft:gravel":6,"minecraft:dripstone_block":7,"minecraft:cobweb":94,"minecraft:fern":2,"minecraft:large_amethyst_bud":2,"minecraft:oak_sapling":8,"minecraft:farmland":1,"minecraft:brewing_stand":2,"minecraft:grass_block":980,"minecraft:composter":1,"spartanweaponry:enderman_wall_head":2,"minecraft:smooth_stone":8,"minecraft:mossy_cobblestone_slab":1,"minecraft:iron_ore":202,"alexsmobs:crocodile_egg":2,"minecraft:skeleton_wall_skull":1,"minecraft:pointed_dripstone":3,"minecraft:black_candle":1,"sophisticatedbackpacks:copper_backpack":1,"another_furniture:white_lamp":6,"minecraft:deepslate_redstone_ore":29,"minecraft:cyan_terracotta":5,"minecraft:calcite":3,"minecraft:poppy":1,"minecraft:chest":16,"cold_sweat:boiler":9,"minecraft:cobblestone":319,"minecraft:oak_planks":1568,"minecraft:wall_torch":16,"minecraft:seagrass":3,"minecraft:light_gray_candle":9,"minecraft:smooth_stone_slab":1,"minecraft:yellow_stained_glass_pane":2,"minecraft:oak_log":1591,"minecraft:sand":147,"minecraft:dirt":864,"spartanweaponry:spider_wall_head":1,"minecraft:netherrack":5,"minecraft:oak_leaves":724,"minecraft:tuff":20,"minecraft:candle":2,"minecraft:oak_door":3,"minecraft:glow_lichen":1,"minecraft:ladder":1,"minecraft:spruce_leaves":1,"cgm:workbench":5,"minecraft:hay_block":6,"minecraft:oak_trapdoor":1,"minecraft:furnace":17,"minecraft:carrots":1,"another_furniture:oak_bench":7,"minecraft:bell":4,"minecraft:deepslate_iron_ore":54,"minecraft:stripped_oak_log":67,"minecraft:stone":1763,"sophisticatedbackpacks:backpack":1,"minecraft:oak_fence":68,"minecraft:crafting_table":16,"minecraft:lapis_ore":26,"minecraft:blue_bed":1,"minecraft:ice":24,"minecraft:yellow_bed":24,"minecraft:coal_ore":105,"minecraft:cracked_stone_bricks":1,"minecraft:polished_andesite":4,"minecraft:mossy_stone_bricks":1},"minecraft:used":{"sophisticatedbackpacks:copper_backpack":1,"minecraft:chest":38,"minecraft:rotten_flesh":17,"minecraft:soul_sand":3,"cgm:shotgun":68,"minecraft:furnace":46,"minecraft:oak_sapling":140,"minecraft:potato":266,"spartanweaponry:iron_greatsword":50,"minecraft:wooden_pickaxe":119,"minecraft:oak_leaves":168,"minecraft:golden_apple":3,"minecraft:blast_furnace":1,"minecraft:lightning_rod":4,"minecraft:zombie_head":7,"cold_sweat:sewing_table":2,"minecraft:green_candle":1,"minecraft:oak_boat":1,"minecraft:oak_trapdoor":2,"camera:image_frame":7,"minecraft:stone_sword":6,"minecraft:netherrack":5,"minecraft:torch":513,"minecraft:brewing_stand":1,"minecraft:oak_fence_gate":9,"minecraft:iron_axe":537,"spartanweaponry:diamond_glaive":1,"minecraft:beef":2,"minecraft:cobbled_deepslate":296,"sophisticatedbackpacks:gold_backpack":1,"minecraft:water_bucket":156,"minecraft:birch_planks":24,"cgm:pistol":520,"minecraft:cartography_table":1,"minecraft:cauldron":3,"minecraft:fletching_table":9,"minecraft:mossy_cobblestone":1,"minecraft:rail":124,"minecraft:crafting_table":39,"minecraft:oak_slab":360,"another_furniture:oak_table":10,"minecraft:campfire":1,"minecraft:white_bed":45,"minecraft:oak_log":83,"minecraft:diamond_shovel":576,"minecraft:iron_pickaxe":1924,"cgm:grenade":12,"alexsmobs:crocodile_egg":3,"spartanweaponry:iron_heavy_crossbow":1,"minecraft:cobblestone":1525,"minecraft:potion":551,"minecraft:cooked_porkchop":69,"minecraft:black_candle":3,"minecraft:kelp":167,"minecraft:candle":8,"minecraft:iron_shovel":1287,"minecraft:oak_sign":2,"minecraft:shield":175,"minecraft:iron_sword":268,"minecraft:zombie_spawn_egg":1,"minecraft:creeper_head":4,"minecraft:bell":3,"minecraft:player_head":2,"minecraft:iron_chestplate":1,"minecraft:white_candle":3,"minecraft:carrot":7,"minecraft:lantern":1,"minecraft:iron_helmet":1,"spartanshields:iron_basic_shield":11,"minecraft:beetroot_seeds":5,"minecraft:skeleton_skull":2,"cgm:heavy_rifle":210,"alexsmobs:raw_catfish":2,"minecraft:stone_pickaxe":1839,"minecraft:oak_planks":5304,"minecraft:ender_pearl":1,"minecraft:diamond_axe":1823,"minecraft:sugar_cane":76,"minecraft:white_wool":2,"spartanweaponry:spider_head":3,"minecraft:dripstone_block":4,"minecraft:shears":15,"sophisticatedbackpacks:backpack":6,"minecraft:bread":2,"minecraft:light_gray_candle":10,"another_furniture:white_lamp":11,"minecraft:gravel":10,"minecraft:andesite":142,"minecraft:bone_meal":93,"spartanweaponry:iron_scythe":180,"minecraft:oak_fence":104,"spartanweaponry:cestus":2,"minecraft:stone_shovel":144,"minecraft:stone_hoe":309,"minecraft:cooked_chicken":6,"minecraft:oak_door":4,"minecraft:dirt":1729,"spartanweaponry:enderman_head":3,"cgm:workbench":5,"another_furniture:oak_bench":12,"another_furniture:black_sofa":1,"cgm:rifle":1747,"minecraft:granite":45,"minecraft:wooden_axe":34,"minecraft:oak_stairs":413,"cold_sweat:icebox":2,"minecraft:iron_boots":1,"minecraft:light_gray_wool":1,"minecraft:minecart":15,"minecraft:cooked_beef":195,"another_furniture:oak_drawer":22,"minecraft:iron_leggings":3,"minecraft:cooked_mutton":22,"minecraft:glass_bottle":637,"minecraft:polished_andesite":11,"spartanshields:iron_tower_shield":37,"spartanweaponry:dynamite":4,"minecraft:smoker":5,"minecraft:wooden_hoe":12,"spartanshields:copper_tower_shield":37,"cold_sweat:boiler":23,"minecraft:stone_axe":1874,"minecraft:bucket":158,"minecraft:yellow_bed":24},"minecraft:crafted":{"minecraft:oak_sign":3,"spartanshields:wooden_tower_shield":6,"cold_sweat:icebox":2,"minecraft:cooked_mutton":62,"another_furniture:black_sofa":3,"minecraft:glass":258,"cold_sweat:waterskin":2,"minecraft:glass_bottle":249,"minecraft:emerald":17,"minecraft:cooked_porkchop":88,"minecraft:copper_ingot":1086,"minecraft:fletching_table":2,"minecraft:campfire":1,"minecraft:wooden_hoe":1,"minecraft:iron_pickaxe":9,"minecraft:gold_ingot":5,"another_furniture:oak_drawer":12,"minecraft:stone_shovel":1,"minecraft:leather_leggings":2,"minecraft:iron_nugget":36,"another_furniture:oak_table":6,"minecraft:bone_meal":78,"spartanshields:copper_tower_shield":5,"minecraft:stone_pickaxe":23,"minecraft:wheat":54,"minecraft:enchanting_table":1,"minecraft:leather_helmet":2,"sophisticatedbackpacks:gold_backpack":1,"minecraft:oak_fence_gate":8,"spartanweaponry:iron_greatsword":1,"minecraft:potion":246,"minecraft:golden_apple":1,"minecraft:wooden_axe":2,"minecraft:oak_stairs":384,"minecraft:iron_shovel":4,"minecraft:white_bed":8,"camera:image_frame":1,"minecraft:oak_planks":7396,"minecraft:cobblestone_slab":18,"spartanweaponry:iron_scythe":2,"minecraft:cooked_chicken":10,"minecraft:lightning_rod":4,"minecraft:iron_boots":2,"minecraft:chest":23,"cold_sweat:sewing_table":1,"minecraft:oak_button":4,"minecraft:stone_hoe":2,"minecraft:oak_fence":111,"minecraft:smoker":2,"minecraft:oak_slab":318,"sophisticatedbackpacks:backpack":1,"minecraft:crafting_table":23,"spartanshields:iron_tower_shield":1,"minecraft:wooden_pickaxe":4,"minecraft:iron_helmet":1,"cgm:rifle":1,"another_furniture:white_lamp":6,"sophisticatedbackpacks:upgrade_base":1,"minecraft:book":1,"minecraft:iron_chestplate":1,"minecraft:paper":42,"minecraft:charcoal":123,"minecraft:yellow_dye":1,"minecraft:shield":5,"minecraft:stick":400,"minecraft:leather_chestplate":2,"minecraft:iron_ingot":171,"minecraft:stone_sword":1,"minecraft:snow_block":131,"minecraft:wooden_sword":2,"minecraft:oak_door":6,"minecraft:leather_boots":1,"minecraft:furnace":34,"minecraft:oak_trapdoor":2,"minecraft:leather":279,"minecraft:polished_deepslate":40,"minecraft:iron_axe":3,"another_furniture:oak_bench":9,"minecraft:minecart":1,"minecraft:cooked_beef":209,"minecraft:red_dye":1,"spartanweaponry:pole":2,"minecraft:iron_sword":1,"spartanweaponry:handle":4,"minecraft:bucket":3,"cold_sweat:boiler":11,"minecraft:stone_axe":15,"minecraft:air":0,"minecraft:bread":18,"minecraft:white_wool":3,"minecraft:gold_nugget":18,"minecraft:torch":432},"minecraft:killed":{"minecraft:cave_spider":4,"minecraft:skeleton":15,"minecraft:chicken":15,"alexsmobs:centipede_head":1,"minecraft:iron_golem":2,"minecraft:zombie":459,"minecraft:cow":31,"alexsmobs:raccoon":3,"minecraft:horse":6,"alexsmobs:catfish":1,"minecraft:enderman":3,"minecraft:spider":56,"minecraft:pig":41,"minecraft:zombie_villager":5,"minecraft:creeper":267,"minecraft:sheep":48,"minecraft:trader_llama":1,"alexsmobs:terrapin":3,"alexsmobs:fly":2,"alexsmobs:bison":20,"minecraft:drowned":4,"minecraft:villager":2}},"DataVersion":2975}