{"stats":{"minecraft:custom":{"minecraft:interact_with_crafting_table":240,"minecraft:open_barrel":4,"minecraft:bell_ring":10,"minecraft:leave_game":90,"minecraft:time_since_death":6447,"minecraft:sprint_one_cm":4030003,"minecraft:damage_blocked_by_shield":10680,"minecraft:drop":380,"minecraft:talked_to_villager":18,"minecraft:play_time":1972411,"minecraft:deaths":330,"minecraft:jump":22561,"minecraft:walk_on_water_one_cm":328542,"minecraft:interact_with_furnace":841,"minecraft:traded_with_villager":1,"minecraft:sleep_in_bed":85,"minecraft:damage_dealt":25011,"minecraft:player_kills":80,"minecraft:crouch_one_cm":506296,"minecraft:interact_with_smoker":24,"minecraft:mob_kills":1052,"minecraft:interact_with_campfire":5,"minecraft:damage_dealt_resisted":181,"minecraft:climb_one_cm":10481,"minecraft:walk_one_cm":4936571,"minecraft:damage_dealt_absorbed":509,"minecraft:sneak_time":214525,"minecraft:walk_under_water_one_cm":1323980,"minecraft:interact_with_blast_furnace":17,"minecraft:total_world_time":1972411,"spartanshields:shield_bash_hits":10,"minecraft:damage_absorbed":109,"minecraft:time_since_rest":6473,"minecraft:damage_taken":239623,"minecraft:swim_one_cm":340122,"minecraft:fly_one_cm":4035838,"minecraft:open_chest":1229,"minecraft:fall_one_cm":1008774},"minecraft:killed":{"minecraft:cave_spider":4,"minecraft:spider":54,"minecraft:chicken":15,"alexsmobs:centipede_head":1,"minecraft:pig":36,"minecraft:zombie_villager":5,"minecraft:iron_golem":2,"minecraft:creeper":257,"minecraft:sheep":44,"minecraft:trader_llama":1,"minecraft:zombie":453,"alexsmobs:terrapin":3,"alexsmobs:fly":2,"minecraft:cow":29,"alexsmobs:raccoon":3,"minecraft:horse":6,"alexsmobs:bison":20,"minecraft:drowned":4,"alexsmobs:catfish":1,"minecraft:villager":2,"minecraft:enderman":3},"minecraft:used":{"minecraft:iron_shovel":523,"sophisticatedbackpacks:copper_backpack":1,"minecraft:oak_sign":2,"minecraft:shield":140,"minecraft:chest":32,"minecraft:iron_sword":268,"minecraft:zombie_spawn_egg":1,"minecraft:creeper_head":4,"minecraft:bell":1,"minecraft:player_head":1,"minecraft:rotten_flesh":17,"minecraft:white_candle":3,"minecraft:iron_chestplate":1,"minecraft:soul_sand":3,"minecraft:carrot":7,"minecraft:lantern":1,"minecraft:iron_helmet":1,"spartanshields:iron_basic_shield":11,"minecraft:oak_sapling":131,"minecraft:furnace":43,"minecraft:beetroot_seeds":5,"minecraft:skeleton_skull":1,"minecraft:potato":1,"spartanweaponry:iron_greatsword":38,"cgm:heavy_rifle":181,"alexsmobs:raw_catfish":2,"minecraft:oak_planks":3999,"minecraft:stone_pickaxe":1839,"minecraft:ender_pearl":1,"minecraft:wooden_pickaxe":119,"minecraft:diamond_axe":1823,"minecraft:white_wool":2,"minecraft:oak_leaves":168,"minecraft:golden_apple":3,"spartanweaponry:spider_head":2,"minecraft:dripstone_block":4,"minecraft:shears":15,"minecraft:lightning_rod":2,"sophisticatedbackpacks:backpack":6,"minecraft:zombie_head":6,"cold_sweat:sewing_table":1,"minecraft:light_gray_candle":10,"another_furniture:white_lamp":11,"minecraft:gravel":10,"minecraft:green_candle":1,"minecraft:andesite":142,"minecraft:oak_fence":104,"spartanweaponry:iron_scythe":161,"minecraft:bone_meal":33,"minecraft:oak_trapdoor":2,"camera:image_frame":7,"spartanweaponry:cestus":2,"minecraft:stone_sword":6,"minecraft:stone_shovel":144,"minecraft:cooked_chicken":6,"minecraft:oak_door":4,"minecraft:dirt":885,"minecraft:torch":314,"minecraft:brewing_stand":1,"spartanweaponry:enderman_head":3,"cgm:workbench":5,"another_furniture:black_sofa":1,"another_furniture:oak_bench":12,"minecraft:granite":45,"cgm:rifle":1691,"minecraft:oak_fence_gate":4,"minecraft:wooden_axe":34,"minecraft:iron_axe":287,"minecraft:oak_stairs":413,"minecraft:iron_boots":1,"minecraft:light_gray_wool":1,"spartanweaponry:diamond_glaive":1,"minecraft:beef":2,"minecraft:cooked_beef":195,"another_furniture:oak_drawer":12,"minecraft:cobbled_deepslate":284,"minecraft:iron_leggings":3,"minecraft:cooked_mutton":22,"minecraft:water_bucket":74,"minecraft:birch_planks":24,"cgm:pistol":520,"minecraft:glass_bottle":603,"minecraft:polished_andesite":11,"minecraft:cauldron":3,"minecraft:fletching_table":1,"spartanshields:iron_tower_shield":28,"spartanweaponry:dynamite":4,"minecraft:mossy_cobblestone":1,"another_furniture:oak_table":10,"minecraft:oak_slab":341,"minecraft:crafting_table":36,"minecraft:white_bed":41,"minecraft:campfire":1,"minecraft:smoker":5,"minecraft:wooden_hoe":12,"minecraft:oak_log":83,"minecraft:diamond_shovel":576,"minecraft:iron_pickaxe":1734,"alexsmobs:crocodile_egg":3,"cgm:grenade":12,"spartanweaponry:iron_heavy_crossbow":1,"spartanshields:copper_tower_shield":37,"cold_sweat:boiler":20,"minecraft:stone_axe":1867,"minecraft:cobblestone":1485,"minecraft:potion":502,"minecraft:cooked_porkchop":44,"minecraft:bucket":75,"minecraft:black_candle":3,"minecraft:yellow_bed":17,"minecraft:kelp":167,"minecraft:candle":4},"minecraft:killed_by":{"minecraft:creeper":35,"minecraft:drowned":1,"man:managgresive":1,"alexsmobs:crocodile":2,"minecraft:zombie":69,"minecraft:player":167,"minecraft:spider":2,"minecraft:enderman":1,"minecraft:iron_golem":8,"alexsmobs:centipede_head":1,"minecraft:skeleton":1},"minecraft:mined":{"minecraft:large_amethyst_bud":2,"minecraft:white_bed":36,"minecraft:oak_sapling":8,"minecraft:brewing_stand":2,"minecraft:granite":131,"minecraft:grass_block":561,"minecraft:composter":1,"minecraft:oxeye_daisy":3,"another_furniture:oak_table":5,"minecraft:spawner":9,"spartanweaponry:enderman_wall_head":2,"minecraft:smooth_stone":8,"minecraft:tall_seagrass":6,"minecraft:mossy_cobblestone_slab":1,"minecraft:mossy_cobblestone_stairs":2,"minecraft:iron_ore":202,"minecraft:fire":41,"minecraft:cobbled_deepslate":4,"minecraft:deepslate_lapis_ore":7,"alexsmobs:crocodile_egg":2,"minecraft:skeleton_wall_skull":1,"minecraft:pointed_dripstone":3,"minecraft:water_cauldron":3,"minecraft:oak_stairs":90,"minecraft:black_candle":1,"sophisticatedbackpacks:copper_backpack":1,"another_furniture:white_lamp":6,"minecraft:deepslate_redstone_ore":29,"minecraft:brown_mushroom":1,"minecraft:cyan_terracotta":5,"minecraft:kelp_plant":24,"minecraft:player_wall_head":1,"minecraft:smoker":3,"minecraft:amethyst_cluster":8,"minecraft:torch":63,"minecraft:poppy":1,"minecraft:polished_andesite_stairs":5,"minecraft:calcite":3,"minecraft:chest":15,"minecraft:white_stained_glass_pane":2,"minecraft:creeper_wall_head":2,"cold_sweat:boiler":9,"minecraft:cobblestone":304,"cold_sweat:icebox":1,"minecraft:white_candle":2,"minecraft:oak_planks":1393,"minecraft:sugar_cane":13,"minecraft:wall_torch":12,"minecraft:amethyst_block":3,"minecraft:skeleton_skull":1,"minecraft:seagrass":3,"another_furniture:oak_drawer":8,"minecraft:light_gray_candle":9,"minecraft:potted_poppy":3,"minecraft:smooth_stone_slab":1,"minecraft:yellow_stained_glass_pane":2,"minecraft:grass":209,"minecraft:oak_log":1551,"minecraft:oak_fence_gate":3,"minecraft:sand":146,"minecraft:dirt":487,"spartanweaponry:spider_wall_head":1,"minecraft:smooth_basalt":1,"minecraft:zombie_wall_head":3,"minecraft:oak_leaves":689,"minecraft:deepslate":209,"minecraft:tuff":20,"minecraft:mossy_cobblestone":14,"minecraft:candle":2,"minecraft:oak_door":3,"minecraft:glow_lichen":1,"minecraft:ladder":1,"minecraft:spruce_leaves":1,"minecraft:kelp":6,"minecraft:cartography_table":1,"cgm:workbench":5,"minecraft:hay_block":6,"minecraft:redstone_ore":9,"minecraft:oak_trapdoor":1,"minecraft:furnace":16,"minecraft:carrots":1,"minecraft:snow":120,"minecraft:andesite":194,"another_furniture:oak_bench":7,"minecraft:bell":3,"minecraft:potatoes":2,"minecraft:deepslate_iron_ore":54,"minecraft:stripped_oak_log":67,"minecraft:green_candle":1,"minecraft:stone":1758,"sophisticatedbackpacks:backpack":1,"minecraft:white_wool":20,"cold_sweat:sewing_table":1,"minecraft:oak_slab":68,"minecraft:glass_pane":2,"minecraft:soul_sand":28,"minecraft:dandelion":3,"minecraft:oak_fence":68,"minecraft:crafting_table":16,"minecraft:copper_ore":239,"minecraft:tall_grass":45,"minecraft:lapis_ore":26,"minecraft:deepslate_gold_ore":22,"minecraft:diorite":126,"minecraft:coarse_dirt":1,"minecraft:creeper_head":1,"minecraft:ice":3,"minecraft:spruce_log":4,"minecraft:birch_leaves":1,"minecraft:yellow_bed":16,"minecraft:coal_ore":88,"minecraft:zombie_head":5,"minecraft:gravel":6,"minecraft:sunflower":1,"minecraft:dripstone_block":7,"minecraft:cobweb":94,"minecraft:cracked_stone_bricks":1,"minecraft:polished_andesite":4,"minecraft:mossy_stone_bricks":1,"minecraft:fern":2},"minecraft:broken":{"minecraft:iron_shovel":2,"minecraft:golden_boots":1,"minecraft:iron_boots":2,"minecraft:iron_chestplate":4,"minecraft:iron_leggings":3,"minecraft:stone_pickaxe":12,"minecraft:chainmail_chestplate":1,"minecraft:stone_axe":15,"spartanweaponry:iron_scythe":1,"minecraft:stone_shovel":1,"minecraft:leather_helmet":1,"spartanshields:iron_tower_shield":1,"minecraft:wooden_pickaxe":1,"minecraft:shield":1,"minecraft:diamond_axe":1,"minecraft:iron_axe":1,"minecraft:iron_pickaxe":4,"minecraft:iron_helmet":6},"minecraft:picked_up":{"minecraft:iron_chestplate":3,"cgm:basic_bullet":5900,"minecraft:creeper_head":5,"minecraft:flower_pot":2,"minecraft:lead":1,"minecraft:oak_stairs":110,"minecraft:enchanted_book":3,"minecraft:potion":81,"minecraft:golden_shovel":1,"another_furniture:oak_table":6,"minecraft:brewing_stand":2,"minecraft:amethyst_block":12,"minecraft:string":192,"minecraft:raw_copper":903,"minecraft:smooth_stone_slab":2,"minecraft:iron_leggings":4,"minecraft:zombie_head":10,"minecraft:gold_nugget":35,"minecraft:smooth_stone":10,"minecraft:cobbled_deepslate":238,"minecraft:bucket":1,"minecraft:cobblestone_slab":1,"minecraft:calcite":13,"alexsmobs:raccoon_tail":2,"cgm:advanced_bullet":4872,"minecraft:iron_boots":4,"minecraft:furnace":17,"minecraft:golden_helmet":4,"minecraft:stick":119,"minecraft:composter":1,"minecraft:oak_fence":71,"minecraft:torch":182,"minecraft:porkchop":88,"minecraft:pointed_dripstone":34,"minecraft:diorite":179,"minecraft:golden_chestplate":3,"alexsmobs:centipede_leg":1,"minecraft:cauldron":3,"minecraft:zombie_spawn_egg":1,"minecraft:rotten_flesh":752,"minecraft:cyan_terracotta":5,"minecraft:obsidian":3,"minecraft:snowball":422,"minecraft:cobblestone":2517,"minecraft:mossy_cobblestone_slab":1,"minecraft:feather":19,"minecraft:cooked_beef":39,"minecraft:andesite":214,"minecraft:brown_wool":3,"minecraft:smoker":3,"minecraft:potato":11,"alexsmobs:bison_fur":17,"minecraft:flint":22,"minecraft:tuff":21,"cgm:heavy_rifle":6,"minecraft:lapis_lazuli":215,"minecraft:dirt":1476,"minecraft:lantern":1,"cgm:grenade":24,"minecraft:name_tag":2,"minecraft:leather_boots":1,"minecraft:glass":2,"minecraft:bone":6,"spartanweaponry:iron_greatsword":2,"minecraft:wheat_seeds":69,"minecraft:green_candle":1,"minecraft:raw_gold":22,"minecraft:bell":3,"spartanweaponry:enderman_head":4,"another_furniture:white_lamp":5,"minecraft:mossy_stone_bricks":2,"camera:image":16,"minecraft:oak_planks":1899,"minecraft:cooked_porkchop":9,"minecraft:music_disc_13":1,"cgm:rifle":7,"alexsmobs:crocodile_egg":3,"minecraft:sand":402,"cold_sweat:waterskin":1,"sophisticatedbackpacks:iron_backpack":1,"minecraft:ink_sac":1,"alexsmobs:animal_dictionary":2,"minecraft:mossy_cobblestone":22,"cgm:shell":96,"cgm:pistol":9,"minecraft:polished_andesite":28,"minecraft:white_candle":12,"minecraft:granite":212,"minecraft:bone_meal":15,"spartanweaponry:iron_heavy_crossbow":1,"minecraft:golden_apple":1,"minecraft:chainmail_helmet":3,"alexsmobs:maggot":5,"minecraft:oak_sapling":185,"minecraft:oak_leaves":633,"sophisticatedbackpacks:gold_backpack":4,"minecraft:fishing_rod":3,"minecraft:coarse_dirt":1,"cold_sweat:boiler":12,"minecraft:crafting_table":18,"minecraft:chicken":24,"minecraft:ladder":1,"minecraft:brown_mushroom":1,"minecraft:wooden_pickaxe":2,"minecraft:oak_trapdoor":1,"camera:image_frame":9,"minecraft:iron_shovel":2,"cold_sweat:icebox":1,"minecraft:cracked_stone_bricks":1,"minecraft:cartography_table":1,"minecraft:candle":8,"minecraft:beef":196,"spartanweaponry:dynamite":11,"cgm:bazooka":1,"minecraft:player_head":3,"minecraft:poppy":10,"minecraft:light_gray_wool":4,"minecraft:sugar_cane":55,"minecraft:chest":17,"minecraft:egg":12,"minecraft:raw_iron":248,"minecraft:stone":2,"minecraft:oak_door":6,"minecraft:copper_ingot":394,"sophisticatedbackpacks:backpack":7,"spartanweaponry:spider_head":4,"minecraft:carrot":14,"minecraft:redstone":163,"minecraft:arrow":6,"minecraft:stone_shovel":4,"minecraft:beetroot_seeds":9,"spartanshields:copper_tower_shield":2,"another_furniture:oak_drawer":10,"minecraft:shears":1,"minecraft:hay_block":6,"sophisticatedbackpacks:copper_backpack":3,"minecraft:mutton":76,"minecraft:rail":1,"minecraft:skeleton_skull":4,"minecraft:white_wool":64,"minecraft:oxeye_daisy":5,"minecraft:stripped_oak_log":66,"minecraft:air":0,"minecraft:leather":69,"another_furniture:oak_bench":7,"cgm:missile":1,"minecraft:oak_log":1790,"minecraft:chainmail_chestplate":3,"minecraft:golden_boots":2,"minecraft:yellow_bed":17,"minecraft:gunpowder":261,"minecraft:cobblestone_stairs":1,"minecraft:wooden_hoe":1,"minecraft:paper":64,"minecraft:cooked_mutton":3,"minecraft:apple":17,"minecraft:stone_bricks":1,"minecraft:kelp":297,"minecraft:iron_ingot":86,"minecraft:oak_fence_gate":3,"minecraft:stone_pickaxe":6,"cold_sweat:sewing_table":1,"minecraft:glass_bottle":26,"minecraft:soul_sand":58,"minecraft:polished_andesite_stairs":5,"minecraft:oak_slab":72,"minecraft:black_candle":6,"minecraft:smooth_basalt":1,"spartanweaponry:iron_scythe":1,"minecraft:sweet_berries":2,"minecraft:dandelion":22,"minecraft:dripstone_block":79,"minecraft:gravel":89,"minecraft:amethyst_shard":36,"minecraft:white_bed":35,"minecraft:spruce_log":3,"minecraft:spider_eye":17,"minecraft:leather_helmet":2,"alexsmobs:raw_catfish":3,"minecraft:diamond_shovel":3,"minecraft:light_gray_candle":13,"minecraft:stone_axe":5,"minecraft:chainmail_leggings":5,"minecraft:iron_helmet":6,"minecraft:diamond_axe":3,"minecraft:mossy_cobblestone_stairs":5,"minecraft:black_wool":4,"minecraft:coal":108,"cgm:workbench":5,"minecraft:sunflower":2,"minecraft:wooden_axe":1,"cold_sweat:filled_waterskin":1,"minecraft:ender_pearl":1},"minecraft:dropped":{"spartanweaponry:dynamite":8,"sophisticatedbackpacks:iron_backpack":2,"minecraft:iron_sword":5,"minecraft:candle":2,"minecraft:porkchop":1,"minecraft:diamond_axe":2,"minecraft:cooked_beef":7,"minecraft:diamond":2,"minecraft:glass_bottle":31,"minecraft:crafting_table":1,"minecraft:cooked_porkchop":31,"minecraft:leather":70,"another_furniture:black_sofa":2,"alexsmobs:bison_fur":4,"minecraft:cobblestone_stairs":1,"sophisticatedbackpacks:gold_backpack":2,"minecraft:cyan_terracotta":5,"minecraft:dirt":470,"minecraft:mutton":4,"minecraft:snowball":9,"minecraft:sand":12,"minecraft:iron_pickaxe":6,"minecraft:fishing_rod":1,"minecraft:white_wool":1,"minecraft:stone_axe":2,"cgm:pistol":5,"minecraft:sugar_cane":71,"spartanweaponry:iron_heavy_crossbow":3,"minecraft:cobbled_deepslate":61,"minecraft:wheat":8,"minecraft:pointed_dripstone":8,"camera:image":19,"minecraft:rotten_flesh":173,"minecraft:oak_planks":161,"minecraft:diamond_shovel":2,"minecraft:cooked_mutton":16,"minecraft:white_bed":1,"minecraft:carrot":1,"minecraft:chainmail_chestplate":1,"minecraft:poppy":4,"minecraft:gunpowder":15,"cgm:basic_bullet":472,"camera:camera":1,"minecraft:beef":38,"minecraft:egg":1,"minecraft:water_bucket":1,"minecraft:enchanted_book":1,"minecraft:golden_boots":1,"minecraft:iron_ingot":64,"minecraft:bread":10,"minecraft:wheat_seeds":16,"spartanweaponry:iron_boomerang":2,"cgm:grenade":5,"minecraft:mossy_cobblestone":11,"spartanweaponry:stone_glaive":2,"minecraft:dripstone_block":8,"minecraft:feather":6,"minecraft:oak_fence":1,"cgm:mini_gun":2,"minecraft:iron_helmet":3,"minecraft:cobblestone":239,"minecraft:amethyst_block":7,"minecraft:apple":12,"minecraft:granite":60,"minecraft:copper_ingot":64,"spartanshields:iron_basic_shield":1,"minecraft:coal":7,"minecraft:golden_apple":1,"alexsmobs:raw_catfish":1,"minecraft:polished_andesite":6,"minecraft:stick":37,"another_furniture:oak_bench":2,"minecraft:mossy_cobblestone_slab":1,"minecraft:diorite":55,"minecraft:wooden_hoe":1,"minecraft:torch":150,"minecraft:potion":26,"minecraft:iron_leggings":3,"minecraft:oak_stairs":26,"minecraft:polished_andesite_stairs":5,"minecraft:iron_axe":1,"minecraft:mossy_cobblestone_stairs":2,"minecraft:smooth_stone":2,"minecraft:iron_shovel":1,"minecraft:paper":2,"minecraft:string":3,"minecraft:dandelion":3,"minecraft:smooth_basalt":1,"cgm:rifle":6,"minecraft:snow_block":32,"minecraft:furnace":1,"cgm:advanced_bullet":554,"minecraft:creeper_head":1,"minecraft:oak_trapdoor":5,"minecraft:player_head":1,"cold_sweat:icebox":1,"minecraft:coarse_dirt":1,"minecraft:raw_copper":11,"minecraft:smooth_stone_slab":2,"camera:image_frame":4,"minecraft:tuff":14,"cold_sweat:filled_waterskin":1,"minecraft:iron_boots":5,"spartanweaponry:bolt":6,"sophisticatedbackpacks:backpack":4,"minecraft:shears":1,"minecraft:light_gray_candle":2,"minecraft:diamond_sword":2,"minecraft:cobblestone_slab":1,"spartanweaponry:enderman_head":1,"minecraft:shield":1,"minecraft:flower_pot":1,"minecraft:oak_button":4,"minecraft:iron_chestplate":4,"minecraft:andesite":39,"minecraft:mossy_stone_bricks":1,"spartanshields:copper_tower_shield":1,"minecraft:oak_sapling":1,"minecraft:spider_eye":4,"sophisticatedbackpacks:copper_backpack":2,"minecraft:stone_pickaxe":11,"minecraft:calcite":7},"minecraft:crafted":{"minecraft:oak_planks":6624,"minecraft:cobblestone_slab":12,"minecraft:oak_sign":3,"spartanweaponry:iron_scythe":2,"minecraft:cooked_chicken":10,"spartanshields:wooden_tower_shield":5,"minecraft:lightning_rod":4,"minecraft:cooked_mutton":62,"another_furniture:black_sofa":3,"minecraft:glass":258,"minecraft:iron_boots":2,"minecraft:chest":18,"cold_sweat:waterskin":2,"minecraft:oak_button":4,"minecraft:oak_fence":111,"minecraft:smoker":2,"minecraft:glass_bottle":249,"minecraft:oak_slab":300,"sophisticatedbackpacks:backpack":1,"minecraft:cooked_porkchop":88,"minecraft:crafting_table":20,"minecraft:wooden_pickaxe":4,"minecraft:iron_helmet":1,"minecraft:copper_ingot":1086,"cgm:rifle":1,"another_furniture:white_lamp":6,"minecraft:fletching_table":1,"minecraft:campfire":1,"sophisticatedbackpacks:upgrade_base":1,"minecraft:iron_chestplate":1,"minecraft:wooden_hoe":1,"minecraft:charcoal":116,"minecraft:yellow_dye":1,"minecraft:shield":5,"minecraft:stick":308,"minecraft:iron_ingot":171,"minecraft:leather_chestplate":2,"minecraft:iron_pickaxe":9,"minecraft:stone_sword":1,"minecraft:snow_block":131,"minecraft:gold_ingot":5,"another_furniture:oak_drawer":9,"minecraft:wooden_sword":2,"minecraft:oak_door":6,"minecraft:stone_shovel":1,"minecraft:leather_leggings":2,"minecraft:leather_boots":1,"minecraft:iron_nugget":36,"another_furniture:oak_table":6,"minecraft:furnace":33,"minecraft:bone_meal":18,"minecraft:oak_trapdoor":2,"minecraft:leather":279,"minecraft:polished_deepslate":28,"minecraft:iron_axe":2,"spartanshields:copper_tower_shield":5,"another_furniture:oak_bench":9,"minecraft:stone_pickaxe":23,"minecraft:wheat":54,"minecraft:cooked_beef":209,"minecraft:red_dye":1,"spartanweaponry:pole":2,"minecraft:iron_sword":1,"spartanweaponry:handle":4,"sophisticatedbackpacks:gold_backpack":1,"minecraft:leather_helmet":2,"minecraft:bucket":2,"cold_sweat:boiler":8,"minecraft:stone_axe":14,"minecraft:bread":18,"minecraft:air":0,"spartanweaponry:iron_greatsword":1,"minecraft:oak_fence_gate":3,"minecraft:potion":246,"minecraft:white_wool":3,"minecraft:golden_apple":1,"minecraft:gold_nugget":18,"minecraft:oak_stairs":384,"minecraft:wooden_axe":2,"minecraft:iron_shovel":1,"minecraft:white_bed":8,"camera:image_frame":1,"minecraft:torch":368}},"DataVersion":2975}